S.No.,Organisation Name,Portal Tender Count,Copied Tender Count,Count Status,Tender ID,Title,Reference Number,Published Date,Closing Date,Opening Date,Organisation Chain,Tender URL,Raw Row
1,Atal Indore City Transport Services Ltd - Indore,3,3,MATCH,2026_AICTS_531642_1,Indore Mandav Route,AICTSL/2026/MPE-Tender/NIT NO. 113,24-Aug-2026 09:00 AM,05-Oct-2026 05:30 PM,06-Oct-2026 05:30 PM,,,1 24-Aug-2026 09:00 AM 05-Oct-2026 05:30 PM 06-Oct-2026 05:30 PM [Indore Mandav Route ] [AICTSL/2026/MPE-Tender/NIT NO. 113][2026_AICTS_531642_1] Atal Indore City Transport Services Ltd - Indore
2,Atal Indore City Transport Services Ltd - Indore,3,3,MATCH,2026_AICTS_531648_1,Indore Sendhwa Route,AICTSL/2026/MPE-Tender/NIT NO. 118,24-Aug-2026 09:00 AM,05-Oct-2026 05:30 PM,06-Oct-2026 05:30 PM,,,2 24-Aug-2026 09:00 AM 05-Oct-2026 05:30 PM 06-Oct-2026 05:30 PM [Indore Sendhwa Route ] [AICTSL/2026/MPE-Tender/NIT NO. 118][2026_AICTS_531648_1] Atal Indore City Transport Services Ltd - Indore
3,Atal Indore City Transport Services Ltd - Indore,3,3,MATCH,2026_AICTS_530313_1,Construction of Bus Q Shelters,AICTSL/2026/MPE-Tender/NIT NO. 112,18-Aug-2026 11:00 AM,07-Oct-2026 05:30 PM,08-Oct-2026 05:30 PM,,,3 18-Aug-2026 11:00 AM 07-Oct-2026 05:30 PM 08-Oct-2026 05:30 PM [Construction of Bus Q Shelters ] [AICTSL/2026/MPE-Tender/NIT NO. 112][2026_AICTS_530313_1] Atal Indore City Transport Services Ltd - Indore
4,Bhopal City Link Limited,3,3,MATCH,2026_AICTS_531642_1,Indore Mandav Route,AICTSL/2026/MPE-Tender/NIT NO. 113,24-Aug-2026 09:00 AM,05-Oct-2026 05:30 PM,06-Oct-2026 05:30 PM,,,1 24-Aug-2026 09:00 AM 05-Oct-2026 05:30 PM 06-Oct-2026 05:30 PM [Indore Mandav Route ] [AICTSL/2026/MPE-Tender/NIT NO. 113][2026_AICTS_531642_1] Atal Indore City Transport Services Ltd - Indore
5,Bhopal City Link Limited,3,3,MATCH,2026_AICTS_531648_1,Indore Sendhwa Route,AICTSL/2026/MPE-Tender/NIT NO. 118,24-Aug-2026 09:00 AM,05-Oct-2026 05:30 PM,06-Oct-2026 05:30 PM,,,2 24-Aug-2026 09:00 AM 05-Oct-2026 05:30 PM 06-Oct-2026 05:30 PM [Indore Sendhwa Route ] [AICTSL/2026/MPE-Tender/NIT NO. 118][2026_AICTS_531648_1] Atal Indore City Transport Services Ltd - Indore
6,Bhopal City Link Limited,3,3,MATCH,2026_AICTS_530313_1,Construction of Bus Q Shelters,AICTSL/2026/MPE-Tender/NIT NO. 112,18-Aug-2026 11:00 AM,07-Oct-2026 05:30 PM,08-Oct-2026 05:30 PM,,,3 18-Aug-2026 11:00 AM 07-Oct-2026 05:30 PM 08-Oct-2026 05:30 PM [Construction of Bus Q Shelters ] [AICTSL/2026/MPE-Tender/NIT NO. 112][2026_AICTS_530313_1] Atal Indore City Transport Services Ltd - Indore
7,Bhopal Co-Operative Central Bank Ltd,3,3,MATCH,2026_AICTS_531642_1,Indore Mandav Route,AICTSL/2026/MPE-Tender/NIT NO. 113,24-Aug-2026 09:00 AM,05-Oct-2026 05:30 PM,06-Oct-2026 05:30 PM,,,1 24-Aug-2026 09:00 AM 05-Oct-2026 05:30 PM 06-Oct-2026 05:30 PM [Indore Mandav Route ] [AICTSL/2026/MPE-Tender/NIT NO. 113][2026_AICTS_531642_1] Atal Indore City Transport Services Ltd - Indore
8,Bhopal Co-Operative Central Bank Ltd,3,3,MATCH,2026_AICTS_531648_1,Indore Sendhwa Route,AICTSL/2026/MPE-Tender/NIT NO. 118,24-Aug-2026 09:00 AM,05-Oct-2026 05:30 PM,06-Oct-2026 05:30 PM,,,2 24-Aug-2026 09:00 AM 05-Oct-2026 05:30 PM 06-Oct-2026 05:30 PM [Indore Sendhwa Route ] [AICTSL/2026/MPE-Tender/NIT NO. 118][2026_AICTS_531648_1] Atal Indore City Transport Services Ltd - Indore
9,Bhopal Co-Operative Central Bank Ltd,3,3,MATCH,2026_AICTS_530313_1,Construction of Bus Q Shelters,AICTSL/2026/MPE-Tender/NIT NO. 112,18-Aug-2026 11:00 AM,07-Oct-2026 05:30 PM,08-Oct-2026 05:30 PM,,,3 18-Aug-2026 11:00 AM 07-Oct-2026 05:30 PM 08-Oct-2026 05:30 PM [Construction of Bus Q Shelters ] [AICTSL/2026/MPE-Tender/NIT NO. 112][2026_AICTS_530313_1] Atal Indore City Transport Services Ltd - Indore
10,Board of Secondary Education,3,3,MATCH,2026_AICTS_531642_1,Indore Mandav Route,AICTSL/2026/MPE-Tender/NIT NO. 113,24-Aug-2026 09:00 AM,05-Oct-2026 05:30 PM,06-Oct-2026 05:30 PM,,,1 24-Aug-2026 09:00 AM 05-Oct-2026 05:30 PM 06-Oct-2026 05:30 PM [Indore Mandav Route ] [AICTSL/2026/MPE-Tender/NIT NO. 113][2026_AICTS_531642_1] Atal Indore City Transport Services Ltd - Indore
11,Board of Secondary Education,3,3,MATCH,2026_AICTS_531648_1,Indore Sendhwa Route,AICTSL/2026/MPE-Tender/NIT NO. 118,24-Aug-2026 09:00 AM,05-Oct-2026 05:30 PM,06-Oct-2026 05:30 PM,,,2 24-Aug-2026 09:00 AM 05-Oct-2026 05:30 PM 06-Oct-2026 05:30 PM [Indore Sendhwa Route ] [AICTSL/2026/MPE-Tender/NIT NO. 118][2026_AICTS_531648_1] Atal Indore City Transport Services Ltd - Indore
12,Board of Secondary Education,3,3,MATCH,2026_AICTS_530313_1,Construction of Bus Q Shelters,AICTSL/2026/MPE-Tender/NIT NO. 112,18-Aug-2026 11:00 AM,07-Oct-2026 05:30 PM,08-Oct-2026 05:30 PM,,,3 18-Aug-2026 11:00 AM 07-Oct-2026 05:30 PM 08-Oct-2026 05:30 PM [Construction of Bus Q Shelters ] [AICTSL/2026/MPE-Tender/NIT NO. 112][2026_AICTS_530313_1] Atal Indore City Transport Services Ltd - Indore
13,Capital Project Administration,3,3,MATCH,2026_AICTS_531642_1,Indore Mandav Route,AICTSL/2026/MPE-Tender/NIT NO. 113,24-Aug-2026 09:00 AM,05-Oct-2026 05:30 PM,06-Oct-2026 05:30 PM,,,1 24-Aug-2026 09:00 AM 05-Oct-2026 05:30 PM 06-Oct-2026 05:30 PM [Indore Mandav Route ] [AICTSL/2026/MPE-Tender/NIT NO. 113][2026_AICTS_531642_1] Atal Indore City Transport Services Ltd - Indore
14,Capital Project Administration,3,3,MATCH,2026_AICTS_531648_1,Indore Sendhwa Route,AICTSL/2026/MPE-Tender/NIT NO. 118,24-Aug-2026 09:00 AM,05-Oct-2026 05:30 PM,06-Oct-2026 05:30 PM,,,2 24-Aug-2026 09:00 AM 05-Oct-2026 05:30 PM 06-Oct-2026 05:30 PM [Indore Sendhwa Route ] [AICTSL/2026/MPE-Tender/NIT NO. 118][2026_AICTS_531648_1] Atal Indore City Transport Services Ltd - Indore
15,Capital Project Administration,3,3,MATCH,2026_AICTS_530313_1,Construction of Bus Q Shelters,AICTSL/2026/MPE-Tender/NIT NO. 112,18-Aug-2026 11:00 AM,07-Oct-2026 05:30 PM,08-Oct-2026 05:30 PM,,,3 18-Aug-2026 11:00 AM 07-Oct-2026 05:30 PM 08-Oct-2026 05:30 PM [Construction of Bus Q Shelters ] [AICTSL/2026/MPE-Tender/NIT NO. 112][2026_AICTS_530313_1] Atal Indore City Transport Services Ltd - Indore
16,Department of Higher Education,3,3,MATCH,2026_AICTS_531642_1,Indore Mandav Route,AICTSL/2026/MPE-Tender/NIT NO. 113,24-Aug-2026 09:00 AM,05-Oct-2026 05:30 PM,06-Oct-2026 05:30 PM,,,1 24-Aug-2026 09:00 AM 05-Oct-2026 05:30 PM 06-Oct-2026 05:30 PM [Indore Mandav Route ] [AICTSL/2026/MPE-Tender/NIT NO. 113][2026_AICTS_531642_1] Atal Indore City Transport Services Ltd - Indore
17,Department of Higher Education,3,3,MATCH,2026_AICTS_531648_1,Indore Sendhwa Route,AICTSL/2026/MPE-Tender/NIT NO. 118,24-Aug-2026 09:00 AM,05-Oct-2026 05:30 PM,06-Oct-2026 05:30 PM,,,2 24-Aug-2026 09:00 AM 05-Oct-2026 05:30 PM 06-Oct-2026 05:30 PM [Indore Sendhwa Route ] [AICTSL/2026/MPE-Tender/NIT NO. 118][2026_AICTS_531648_1] Atal Indore City Transport Services Ltd - Indore
18,Department of Higher Education,3,3,MATCH,2026_AICTS_530313_1,Construction of Bus Q Shelters,AICTSL/2026/MPE-Tender/NIT NO. 112,18-Aug-2026 11:00 AM,07-Oct-2026 05:30 PM,08-Oct-2026 05:30 PM,,,3 18-Aug-2026 11:00 AM 07-Oct-2026 05:30 PM 08-Oct-2026 05:30 PM [Construction of Bus Q Shelters ] [AICTSL/2026/MPE-Tender/NIT NO. 112][2026_AICTS_530313_1] Atal Indore City Transport Services Ltd - Indore
19,Devi Ahilya Vishwavidyalaya - Indore,3,3,MATCH,2026_AICTS_531642_1,Indore Mandav Route,AICTSL/2026/MPE-Tender/NIT NO. 113,24-Aug-2026 09:00 AM,05-Oct-2026 05:30 PM,06-Oct-2026 05:30 PM,,,1 24-Aug-2026 09:00 AM 05-Oct-2026 05:30 PM 06-Oct-2026 05:30 PM [Indore Mandav Route ] [AICTSL/2026/MPE-Tender/NIT NO. 113][2026_AICTS_531642_1] Atal Indore City Transport Services Ltd - Indore
20,Devi Ahilya Vishwavidyalaya - Indore,3,3,MATCH,2026_AICTS_531648_1,Indore Sendhwa Route,AICTSL/2026/MPE-Tender/NIT NO. 118,24-Aug-2026 09:00 AM,05-Oct-2026 05:30 PM,06-Oct-2026 05:30 PM,,,2 24-Aug-2026 09:00 AM 05-Oct-2026 05:30 PM 06-Oct-2026 05:30 PM [Indore Sendhwa Route ] [AICTSL/2026/MPE-Tender/NIT NO. 118][2026_AICTS_531648_1] Atal Indore City Transport Services Ltd - Indore
21,Devi Ahilya Vishwavidyalaya - Indore,3,3,MATCH,2026_AICTS_530313_1,Construction of Bus Q Shelters,AICTSL/2026/MPE-Tender/NIT NO. 112,18-Aug-2026 11:00 AM,07-Oct-2026 05:30 PM,08-Oct-2026 05:30 PM,,,3 18-Aug-2026 11:00 AM 07-Oct-2026 05:30 PM 08-Oct-2026 05:30 PM [Construction of Bus Q Shelters ] [AICTSL/2026/MPE-Tender/NIT NO. 112][2026_AICTS_530313_1] Atal Indore City Transport Services Ltd - Indore
22,Directorate Farmer Welfare And Agriculture Development,3,3,MATCH,2026_AICTS_531642_1,Indore Mandav Route,AICTSL/2026/MPE-Tender/NIT NO. 113,24-Aug-2026 09:00 AM,05-Oct-2026 05:30 PM,06-Oct-2026 05:30 PM,,,1 24-Aug-2026 09:00 AM 05-Oct-2026 05:30 PM 06-Oct-2026 05:30 PM [Indore Mandav Route ] [AICTSL/2026/MPE-Tender/NIT NO. 113][2026_AICTS_531642_1] Atal Indore City Transport Services Ltd - Indore
23,Directorate Farmer Welfare And Agriculture Development,3,3,MATCH,2026_AICTS_531648_1,Indore Sendhwa Route,AICTSL/2026/MPE-Tender/NIT NO. 118,24-Aug-2026 09:00 AM,05-Oct-2026 05:30 PM,06-Oct-2026 05:30 PM,,,2 24-Aug-2026 09:00 AM 05-Oct-2026 05:30 PM 06-Oct-2026 05:30 PM [Indore Sendhwa Route ] [AICTSL/2026/MPE-Tender/NIT NO. 118][2026_AICTS_531648_1] Atal Indore City Transport Services Ltd - Indore
24,Directorate Farmer Welfare And Agriculture Development,3,3,MATCH,2026_AICTS_530313_1,Construction of Bus Q Shelters,AICTSL/2026/MPE-Tender/NIT NO. 112,18-Aug-2026 11:00 AM,07-Oct-2026 05:30 PM,08-Oct-2026 05:30 PM,,,3 18-Aug-2026 11:00 AM 07-Oct-2026 05:30 PM 08-Oct-2026 05:30 PM [Construction of Bus Q Shelters ] [AICTSL/2026/MPE-Tender/NIT NO. 112][2026_AICTS_530313_1] Atal Indore City Transport Services Ltd - Indore
25,Directorate of Animal Husbandry,3,3,MATCH,2026_AICTS_531642_1,Indore Mandav Route,AICTSL/2026/MPE-Tender/NIT NO. 113,24-Aug-2026 09:00 AM,05-Oct-2026 05:30 PM,06-Oct-2026 05:30 PM,,,1 24-Aug-2026 09:00 AM 05-Oct-2026 05:30 PM 06-Oct-2026 05:30 PM [Indore Mandav Route ] [AICTSL/2026/MPE-Tender/NIT NO. 113][2026_AICTS_531642_1] Atal Indore City Transport Services Ltd - Indore
26,Directorate of Animal Husbandry,3,3,MATCH,2026_AICTS_531648_1,Indore Sendhwa Route,AICTSL/2026/MPE-Tender/NIT NO. 118,24-Aug-2026 09:00 AM,05-Oct-2026 05:30 PM,06-Oct-2026 05:30 PM,,,2 24-Aug-2026 09:00 AM 05-Oct-2026 05:30 PM 06-Oct-2026 05:30 PM [Indore Sendhwa Route ] [AICTSL/2026/MPE-Tender/NIT NO. 118][2026_AICTS_531648_1] Atal Indore City Transport Services Ltd - Indore
27,Directorate of Animal Husbandry,3,3,MATCH,2026_AICTS_530313_1,Construction of Bus Q Shelters,AICTSL/2026/MPE-Tender/NIT NO. 112,18-Aug-2026 11:00 AM,07-Oct-2026 05:30 PM,08-Oct-2026 05:30 PM,,,3 18-Aug-2026 11:00 AM 07-Oct-2026 05:30 PM 08-Oct-2026 05:30 PM [Construction of Bus Q Shelters ] [AICTSL/2026/MPE-Tender/NIT NO. 112][2026_AICTS_530313_1] Atal Indore City Transport Services Ltd - Indore
28,Directorate of Economics and Statistics,3,3,MATCH,2026_AICTS_531642_1,Indore Mandav Route,AICTSL/2026/MPE-Tender/NIT NO. 113,24-Aug-2026 09:00 AM,05-Oct-2026 05:30 PM,06-Oct-2026 05:30 PM,,,1 24-Aug-2026 09:00 AM 05-Oct-2026 05:30 PM 06-Oct-2026 05:30 PM [Indore Mandav Route ] [AICTSL/2026/MPE-Tender/NIT NO. 113][2026_AICTS_531642_1] Atal Indore City Transport Services Ltd - Indore
29,Directorate of Economics and Statistics,3,3,MATCH,2026_AICTS_531648_1,Indore Sendhwa Route,AICTSL/2026/MPE-Tender/NIT NO. 118,24-Aug-2026 09:00 AM,05-Oct-2026 05:30 PM,06-Oct-2026 05:30 PM,,,2 24-Aug-2026 09:00 AM 05-Oct-2026 05:30 PM 06-Oct-2026 05:30 PM [Indore Sendhwa Route ] [AICTSL/2026/MPE-Tender/NIT NO. 118][2026_AICTS_531648_1] Atal Indore City Transport Services Ltd - Indore
30,Directorate of Economics and Statistics,3,3,MATCH,2026_AICTS_530313_1,Construction of Bus Q Shelters,AICTSL/2026/MPE-Tender/NIT NO. 112,18-Aug-2026 11:00 AM,07-Oct-2026 05:30 PM,08-Oct-2026 05:30 PM,,,3 18-Aug-2026 11:00 AM 07-Oct-2026 05:30 PM 08-Oct-2026 05:30 PM [Construction of Bus Q Shelters ] [AICTSL/2026/MPE-Tender/NIT NO. 112][2026_AICTS_530313_1] Atal Indore City Transport Services Ltd - Indore
31,Directorate of Food Civil Supplies and Consumer Protection,3,3,MATCH,2026_AICTS_531642_1,Indore Mandav Route,AICTSL/2026/MPE-Tender/NIT NO. 113,24-Aug-2026 09:00 AM,05-Oct-2026 05:30 PM,06-Oct-2026 05:30 PM,,,1 24-Aug-2026 09:00 AM 05-Oct-2026 05:30 PM 06-Oct-2026 05:30 PM [Indore Mandav Route ] [AICTSL/2026/MPE-Tender/NIT NO. 113][2026_AICTS_531642_1] Atal Indore City Transport Services Ltd - Indore
32,Directorate of Food Civil Supplies and Consumer Protection,3,3,MATCH,2026_AICTS_531648_1,Indore Sendhwa Route,AICTSL/2026/MPE-Tender/NIT NO. 118,24-Aug-2026 09:00 AM,05-Oct-2026 05:30 PM,06-Oct-2026 05:30 PM,,,2 24-Aug-2026 09:00 AM 05-Oct-2026 05:30 PM 06-Oct-2026 05:30 PM [Indore Sendhwa Route ] [AICTSL/2026/MPE-Tender/NIT NO. 118][2026_AICTS_531648_1] Atal Indore City Transport Services Ltd - Indore
33,Directorate of Food Civil Supplies and Consumer Protection,3,3,MATCH,2026_AICTS_530313_1,Construction of Bus Q Shelters,AICTSL/2026/MPE-Tender/NIT NO. 112,18-Aug-2026 11:00 AM,07-Oct-2026 05:30 PM,08-Oct-2026 05:30 PM,,,3 18-Aug-2026 11:00 AM 07-Oct-2026 05:30 PM 08-Oct-2026 05:30 PM [Construction of Bus Q Shelters ] [AICTSL/2026/MPE-Tender/NIT NO. 112][2026_AICTS_530313_1] Atal Indore City Transport Services Ltd - Indore
34,Directorate of Health Services,3,3,MATCH,2026_AICTS_531642_1,Indore Mandav Route,AICTSL/2026/MPE-Tender/NIT NO. 113,24-Aug-2026 09:00 AM,05-Oct-2026 05:30 PM,06-Oct-2026 05:30 PM,,,1 24-Aug-2026 09:00 AM 05-Oct-2026 05:30 PM 06-Oct-2026 05:30 PM [Indore Mandav Route ] [AICTSL/2026/MPE-Tender/NIT NO. 113][2026_AICTS_531642_1] Atal Indore City Transport Services Ltd - Indore
35,Directorate of Health Services,3,3,MATCH,2026_AICTS_531648_1,Indore Sendhwa Route,AICTSL/2026/MPE-Tender/NIT NO. 118,24-Aug-2026 09:00 AM,05-Oct-2026 05:30 PM,06-Oct-2026 05:30 PM,,,2 24-Aug-2026 09:00 AM 05-Oct-2026 05:30 PM 06-Oct-2026 05:30 PM [Indore Sendhwa Route ] [AICTSL/2026/MPE-Tender/NIT NO. 118][2026_AICTS_531648_1] Atal Indore City Transport Services Ltd - Indore
36,Directorate of Health Services,3,3,MATCH,2026_AICTS_530313_1,Construction of Bus Q Shelters,AICTSL/2026/MPE-Tender/NIT NO. 112,18-Aug-2026 11:00 AM,07-Oct-2026 05:30 PM,08-Oct-2026 05:30 PM,,,3 18-Aug-2026 11:00 AM 07-Oct-2026 05:30 PM 08-Oct-2026 05:30 PM [Construction of Bus Q Shelters ] [AICTSL/2026/MPE-Tender/NIT NO. 112][2026_AICTS_530313_1] Atal Indore City Transport Services Ltd - Indore
37,Directorate of Industries,3,3,MATCH,2026_AICTS_531642_1,Indore Mandav Route,AICTSL/2026/MPE-Tender/NIT NO. 113,24-Aug-2026 09:00 AM,05-Oct-2026 05:30 PM,06-Oct-2026 05:30 PM,,,1 24-Aug-2026 09:00 AM 05-Oct-2026 05:30 PM 06-Oct-2026 05:30 PM [Indore Mandav Route ] [AICTSL/2026/MPE-Tender/NIT NO. 113][2026_AICTS_531642_1] Atal Indore City Transport Services Ltd - Indore
38,Directorate of Industries,3,3,MATCH,2026_AICTS_531648_1,Indore Sendhwa Route,AICTSL/2026/MPE-Tender/NIT NO. 118,24-Aug-2026 09:00 AM,05-Oct-2026 05:30 PM,06-Oct-2026 05:30 PM,,,2 24-Aug-2026 09:00 AM 05-Oct-2026 05:30 PM 06-Oct-2026 05:30 PM [Indore Sendhwa Route ] [AICTSL/2026/MPE-Tender/NIT NO. 118][2026_AICTS_531648_1] Atal Indore City Transport Services Ltd - Indore
39,Directorate of Industries,3,3,MATCH,2026_AICTS_530313_1,Construction of Bus Q Shelters,AICTSL/2026/MPE-Tender/NIT NO. 112,18-Aug-2026 11:00 AM,07-Oct-2026 05:30 PM,08-Oct-2026 05:30 PM,,,3 18-Aug-2026 11:00 AM 07-Oct-2026 05:30 PM 08-Oct-2026 05:30 PM [Construction of Bus Q Shelters ] [AICTSL/2026/MPE-Tender/NIT NO. 112][2026_AICTS_530313_1] Atal Indore City Transport Services Ltd - Indore
40,Directorate of Medical Education,3,3,MATCH,2026_AICTS_531642_1,Indore Mandav Route,AICTSL/2026/MPE-Tender/NIT NO. 113,24-Aug-2026 09:00 AM,05-Oct-2026 05:30 PM,06-Oct-2026 05:30 PM,,,1 24-Aug-2026 09:00 AM 05-Oct-2026 05:30 PM 06-Oct-2026 05:30 PM [Indore Mandav Route ] [AICTSL/2026/MPE-Tender/NIT NO. 113][2026_AICTS_531642_1] Atal Indore City Transport Services Ltd - Indore
41,Directorate of Medical Education,3,3,MATCH,2026_AICTS_531648_1,Indore Sendhwa Route,AICTSL/2026/MPE-Tender/NIT NO. 118,24-Aug-2026 09:00 AM,05-Oct-2026 05:30 PM,06-Oct-2026 05:30 PM,,,2 24-Aug-2026 09:00 AM 05-Oct-2026 05:30 PM 06-Oct-2026 05:30 PM [Indore Sendhwa Route ] [AICTSL/2026/MPE-Tender/NIT NO. 118][2026_AICTS_531648_1] Atal Indore City Transport Services Ltd - Indore
42,Directorate of Medical Education,3,3,MATCH,2026_AICTS_530313_1,Construction of Bus Q Shelters,AICTSL/2026/MPE-Tender/NIT NO. 112,18-Aug-2026 11:00 AM,07-Oct-2026 05:30 PM,08-Oct-2026 05:30 PM,,,3 18-Aug-2026 11:00 AM 07-Oct-2026 05:30 PM 08-Oct-2026 05:30 PM [Construction of Bus Q Shelters ] [AICTSL/2026/MPE-Tender/NIT NO. 112][2026_AICTS_530313_1] Atal Indore City Transport Services Ltd - Indore
43,Directorate of Panchayati Raj,3,3,MATCH,2026_AICTS_531642_1,Indore Mandav Route,AICTSL/2026/MPE-Tender/NIT NO. 113,24-Aug-2026 09:00 AM,05-Oct-2026 05:30 PM,06-Oct-2026 05:30 PM,,,1 24-Aug-2026 09:00 AM 05-Oct-2026 05:30 PM 06-Oct-2026 05:30 PM [Indore Mandav Route ] [AICTSL/2026/MPE-Tender/NIT NO. 113][2026_AICTS_531642_1] Atal Indore City Transport Services Ltd - Indore
44,Directorate of Panchayati Raj,3,3,MATCH,2026_AICTS_531648_1,Indore Sendhwa Route,AICTSL/2026/MPE-Tender/NIT NO. 118,24-Aug-2026 09:00 AM,05-Oct-2026 05:30 PM,06-Oct-2026 05:30 PM,,,2 24-Aug-2026 09:00 AM 05-Oct-2026 05:30 PM 06-Oct-2026 05:30 PM [Indore Sendhwa Route ] [AICTSL/2026/MPE-Tender/NIT NO. 118][2026_AICTS_531648_1] Atal Indore City Transport Services Ltd - Indore
45,Directorate of Panchayati Raj,3,3,MATCH,2026_AICTS_530313_1,Construction of Bus Q Shelters,AICTSL/2026/MPE-Tender/NIT NO. 112,18-Aug-2026 11:00 AM,07-Oct-2026 05:30 PM,08-Oct-2026 05:30 PM,,,3 18-Aug-2026 11:00 AM 07-Oct-2026 05:30 PM 08-Oct-2026 05:30 PM [Construction of Bus Q Shelters ] [AICTSL/2026/MPE-Tender/NIT NO. 112][2026_AICTS_530313_1] Atal Indore City Transport Services Ltd - Indore
46,Directorate of Public Instruction,3,3,MATCH,2026_AICTS_531642_1,Indore Mandav Route,AICTSL/2026/MPE-Tender/NIT NO. 113,24-Aug-2026 09:00 AM,05-Oct-2026 05:30 PM,06-Oct-2026 05:30 PM,,,1 24-Aug-2026 09:00 AM 05-Oct-2026 05:30 PM 06-Oct-2026 05:30 PM [Indore Mandav Route ] [AICTSL/2026/MPE-Tender/NIT NO. 113][2026_AICTS_531642_1] Atal Indore City Transport Services Ltd - Indore
47,Directorate of Public Instruction,3,3,MATCH,2026_AICTS_531648_1,Indore Sendhwa Route,AICTSL/2026/MPE-Tender/NIT NO. 118,24-Aug-2026 09:00 AM,05-Oct-2026 05:30 PM,06-Oct-2026 05:30 PM,,,2 24-Aug-2026 09:00 AM 05-Oct-2026 05:30 PM 06-Oct-2026 05:30 PM [Indore Sendhwa Route ] [AICTSL/2026/MPE-Tender/NIT NO. 118][2026_AICTS_531648_1] Atal Indore City Transport Services Ltd - Indore
48,Directorate of Public Instruction,3,3,MATCH,2026_AICTS_530313_1,Construction of Bus Q Shelters,AICTSL/2026/MPE-Tender/NIT NO. 112,18-Aug-2026 11:00 AM,07-Oct-2026 05:30 PM,08-Oct-2026 05:30 PM,,,3 18-Aug-2026 11:00 AM 07-Oct-2026 05:30 PM 08-Oct-2026 05:30 PM [Construction of Bus Q Shelters ] [AICTSL/2026/MPE-Tender/NIT NO. 112][2026_AICTS_530313_1] Atal Indore City Transport Services Ltd - Indore
49,Directorate of Social Justice and Welfare,3,3,MATCH,2026_AICTS_531642_1,Indore Mandav Route,AICTSL/2026/MPE-Tender/NIT NO. 113,24-Aug-2026 09:00 AM,05-Oct-2026 05:30 PM,06-Oct-2026 05:30 PM,,,1 24-Aug-2026 09:00 AM 05-Oct-2026 05:30 PM 06-Oct-2026 05:30 PM [Indore Mandav Route ] [AICTSL/2026/MPE-Tender/NIT NO. 113][2026_AICTS_531642_1] Atal Indore City Transport Services Ltd - Indore
50,Directorate of Social Justice and Welfare,3,3,MATCH,2026_AICTS_531648_1,Indore Sendhwa Route,AICTSL/2026/MPE-Tender/NIT NO. 118,24-Aug-2026 09:00 AM,05-Oct-2026 05:30 PM,06-Oct-2026 05:30 PM,,,2 24-Aug-2026 09:00 AM 05-Oct-2026 05:30 PM 06-Oct-2026 05:30 PM [Indore Sendhwa Route ] [AICTSL/2026/MPE-Tender/NIT NO. 118][2026_AICTS_531648_1] Atal Indore City Transport Services Ltd - Indore
51,Directorate of Social Justice and Welfare,3,3,MATCH,2026_AICTS_530313_1,Construction of Bus Q Shelters,AICTSL/2026/MPE-Tender/NIT NO. 112,18-Aug-2026 11:00 AM,07-Oct-2026 05:30 PM,08-Oct-2026 05:30 PM,,,3 18-Aug-2026 11:00 AM 07-Oct-2026 05:30 PM 08-Oct-2026 05:30 PM [Construction of Bus Q Shelters ] [AICTSL/2026/MPE-Tender/NIT NO. 112][2026_AICTS_530313_1] Atal Indore City Transport Services Ltd - Indore
52,Directorate of Technical Education,3,3,MATCH,2026_AICTS_531642_1,Indore Mandav Route,AICTSL/2026/MPE-Tender/NIT NO. 113,24-Aug-2026 09:00 AM,05-Oct-2026 05:30 PM,06-Oct-2026 05:30 PM,,,1 24-Aug-2026 09:00 AM 05-Oct-2026 05:30 PM 06-Oct-2026 05:30 PM [Indore Mandav Route ] [AICTSL/2026/MPE-Tender/NIT NO. 113][2026_AICTS_531642_1] Atal Indore City Transport Services Ltd - Indore
53,Directorate of Technical Education,3,3,MATCH,2026_AICTS_531648_1,Indore Sendhwa Route,AICTSL/2026/MPE-Tender/NIT NO. 118,24-Aug-2026 09:00 AM,05-Oct-2026 05:30 PM,06-Oct-2026 05:30 PM,,,2 24-Aug-2026 09:00 AM 05-Oct-2026 05:30 PM 06-Oct-2026 05:30 PM [Indore Sendhwa Route ] [AICTSL/2026/MPE-Tender/NIT NO. 118][2026_AICTS_531648_1] Atal Indore City Transport Services Ltd - Indore
54,Directorate of Technical Education,3,3,MATCH,2026_AICTS_530313_1,Construction of Bus Q Shelters,AICTSL/2026/MPE-Tender/NIT NO. 112,18-Aug-2026 11:00 AM,07-Oct-2026 05:30 PM,08-Oct-2026 05:30 PM,,,3 18-Aug-2026 11:00 AM 07-Oct-2026 05:30 PM 08-Oct-2026 05:30 PM [Construction of Bus Q Shelters ] [AICTSL/2026/MPE-Tender/NIT NO. 112][2026_AICTS_530313_1] Atal Indore City Transport Services Ltd - Indore
55,Directorate of Town And Country Planning,3,3,MATCH,2026_AICTS_531642_1,Indore Mandav Route,AICTSL/2026/MPE-Tender/NIT NO. 113,24-Aug-2026 09:00 AM,05-Oct-2026 05:30 PM,06-Oct-2026 05:30 PM,,,1 24-Aug-2026 09:00 AM 05-Oct-2026 05:30 PM 06-Oct-2026 05:30 PM [Indore Mandav Route ] [AICTSL/2026/MPE-Tender/NIT NO. 113][2026_AICTS_531642_1] Atal Indore City Transport Services Ltd - Indore
56,Directorate of Town And Country Planning,3,3,MATCH,2026_AICTS_531648_1,Indore Sendhwa Route,AICTSL/2026/MPE-Tender/NIT NO. 118,24-Aug-2026 09:00 AM,05-Oct-2026 05:30 PM,06-Oct-2026 05:30 PM,,,2 24-Aug-2026 09:00 AM 05-Oct-2026 05:30 PM 06-Oct-2026 05:30 PM [Indore Sendhwa Route ] [AICTSL/2026/MPE-Tender/NIT NO. 118][2026_AICTS_531648_1] Atal Indore City Transport Services Ltd - Indore
57,Directorate of Town And Country Planning,3,3,MATCH,2026_AICTS_530313_1,Construction of Bus Q Shelters,AICTSL/2026/MPE-Tender/NIT NO. 112,18-Aug-2026 11:00 AM,07-Oct-2026 05:30 PM,08-Oct-2026 05:30 PM,,,3 18-Aug-2026 11:00 AM 07-Oct-2026 05:30 PM 08-Oct-2026 05:30 PM [Construction of Bus Q Shelters ] [AICTSL/2026/MPE-Tender/NIT NO. 112][2026_AICTS_530313_1] Atal Indore City Transport Services Ltd - Indore
58,Directorate Of Women and Child Development,3,3,MATCH,2026_AICTS_531642_1,Indore Mandav Route,AICTSL/2026/MPE-Tender/NIT NO. 113,24-Aug-2026 09:00 AM,05-Oct-2026 05:30 PM,06-Oct-2026 05:30 PM,,,1 24-Aug-2026 09:00 AM 05-Oct-2026 05:30 PM 06-Oct-2026 05:30 PM [Indore Mandav Route ] [AICTSL/2026/MPE-Tender/NIT NO. 113][2026_AICTS_531642_1] Atal Indore City Transport Services Ltd - Indore
59,Directorate Of Women and Child Development,3,3,MATCH,2026_AICTS_531648_1,Indore Sendhwa Route,AICTSL/2026/MPE-Tender/NIT NO. 118,24-Aug-2026 09:00 AM,05-Oct-2026 05:30 PM,06-Oct-2026 05:30 PM,,,2 24-Aug-2026 09:00 AM 05-Oct-2026 05:30 PM 06-Oct-2026 05:30 PM [Indore Sendhwa Route ] [AICTSL/2026/MPE-Tender/NIT NO. 118][2026_AICTS_531648_1] Atal Indore City Transport Services Ltd - Indore
60,Directorate Of Women and Child Development,3,3,MATCH,2026_AICTS_530313_1,Construction of Bus Q Shelters,AICTSL/2026/MPE-Tender/NIT NO. 112,18-Aug-2026 11:00 AM,07-Oct-2026 05:30 PM,08-Oct-2026 05:30 PM,,,3 18-Aug-2026 11:00 AM 07-Oct-2026 05:30 PM 08-Oct-2026 05:30 PM [Construction of Bus Q Shelters ] [AICTSL/2026/MPE-Tender/NIT NO. 112][2026_AICTS_530313_1] Atal Indore City Transport Services Ltd - Indore
61,Directorate Sports and Youth Welfare,3,3,MATCH,2026_AICTS_531642_1,Indore Mandav Route,AICTSL/2026/MPE-Tender/NIT NO. 113,24-Aug-2026 09:00 AM,05-Oct-2026 05:30 PM,06-Oct-2026 05:30 PM,,,1 24-Aug-2026 09:00 AM 05-Oct-2026 05:30 PM 06-Oct-2026 05:30 PM [Indore Mandav Route ] [AICTSL/2026/MPE-Tender/NIT NO. 113][2026_AICTS_531642_1] Atal Indore City Transport Services Ltd - Indore
62,Directorate Sports and Youth Welfare,3,3,MATCH,2026_AICTS_531648_1,Indore Sendhwa Route,AICTSL/2026/MPE-Tender/NIT NO. 118,24-Aug-2026 09:00 AM,05-Oct-2026 05:30 PM,06-Oct-2026 05:30 PM,,,2 24-Aug-2026 09:00 AM 05-Oct-2026 05:30 PM 06-Oct-2026 05:30 PM [Indore Sendhwa Route ] [AICTSL/2026/MPE-Tender/NIT NO. 118][2026_AICTS_531648_1] Atal Indore City Transport Services Ltd - Indore
63,Directorate Sports and Youth Welfare,3,3,MATCH,2026_AICTS_530313_1,Construction of Bus Q Shelters,AICTSL/2026/MPE-Tender/NIT NO. 112,18-Aug-2026 11:00 AM,07-Oct-2026 05:30 PM,08-Oct-2026 05:30 PM,,,3 18-Aug-2026 11:00 AM 07-Oct-2026 05:30 PM 08-Oct-2026 05:30 PM [Construction of Bus Q Shelters ] [AICTSL/2026/MPE-Tender/NIT NO. 112][2026_AICTS_530313_1] Atal Indore City Transport Services Ltd - Indore
64,Directorate Urban Administration and Development,3,3,MATCH,2026_AICTS_531642_1,Indore Mandav Route,AICTSL/2026/MPE-Tender/NIT NO. 113,24-Aug-2026 09:00 AM,05-Oct-2026 05:30 PM,06-Oct-2026 05:30 PM,,,1 24-Aug-2026 09:00 AM 05-Oct-2026 05:30 PM 06-Oct-2026 05:30 PM [Indore Mandav Route ] [AICTSL/2026/MPE-Tender/NIT NO. 113][2026_AICTS_531642_1] Atal Indore City Transport Services Ltd - Indore
65,Directorate Urban Administration and Development,3,3,MATCH,2026_AICTS_531648_1,Indore Sendhwa Route,AICTSL/2026/MPE-Tender/NIT NO. 118,24-Aug-2026 09:00 AM,05-Oct-2026 05:30 PM,06-Oct-2026 05:30 PM,,,2 24-Aug-2026 09:00 AM 05-Oct-2026 05:30 PM 06-Oct-2026 05:30 PM [Indore Sendhwa Route ] [AICTSL/2026/MPE-Tender/NIT NO. 118][2026_AICTS_531648_1] Atal Indore City Transport Services Ltd - Indore
66,Directorate Urban Administration and Development,3,3,MATCH,2026_AICTS_530313_1,Construction of Bus Q Shelters,AICTSL/2026/MPE-Tender/NIT NO. 112,18-Aug-2026 11:00 AM,07-Oct-2026 05:30 PM,08-Oct-2026 05:30 PM,,,3 18-Aug-2026 11:00 AM 07-Oct-2026 05:30 PM 08-Oct-2026 05:30 PM [Construction of Bus Q Shelters ] [AICTSL/2026/MPE-Tender/NIT NO. 112][2026_AICTS_530313_1] Atal Indore City Transport Services Ltd - Indore
67,Director General of Prisons and Correctional Services,3,3,MATCH,2026_AICTS_531642_1,Indore Mandav Route,AICTSL/2026/MPE-Tender/NIT NO. 113,24-Aug-2026 09:00 AM,05-Oct-2026 05:30 PM,06-Oct-2026 05:30 PM,,,1 24-Aug-2026 09:00 AM 05-Oct-2026 05:30 PM 06-Oct-2026 05:30 PM [Indore Mandav Route ] [AICTSL/2026/MPE-Tender/NIT NO. 113][2026_AICTS_531642_1] Atal Indore City Transport Services Ltd - Indore
68,Director General of Prisons and Correctional Services,3,3,MATCH,2026_AICTS_531648_1,Indore Sendhwa Route,AICTSL/2026/MPE-Tender/NIT NO. 118,24-Aug-2026 09:00 AM,05-Oct-2026 05:30 PM,06-Oct-2026 05:30 PM,,,2 24-Aug-2026 09:00 AM 05-Oct-2026 05:30 PM 06-Oct-2026 05:30 PM [Indore Sendhwa Route ] [AICTSL/2026/MPE-Tender/NIT NO. 118][2026_AICTS_531648_1] Atal Indore City Transport Services Ltd - Indore
69,Director General of Prisons and Correctional Services,3,3,MATCH,2026_AICTS_530313_1,Construction of Bus Q Shelters,AICTSL/2026/MPE-Tender/NIT NO. 112,18-Aug-2026 11:00 AM,07-Oct-2026 05:30 PM,08-Oct-2026 05:30 PM,,,3 18-Aug-2026 11:00 AM 07-Oct-2026 05:30 PM 08-Oct-2026 05:30 PM [Construction of Bus Q Shelters ] [AICTSL/2026/MPE-Tender/NIT NO. 112][2026_AICTS_530313_1] Atal Indore City Transport Services Ltd - Indore
70,District Collectorate,3,3,MATCH,2026_AICTS_531642_1,Indore Mandav Route,AICTSL/2026/MPE-Tender/NIT NO. 113,24-Aug-2026 09:00 AM,05-Oct-2026 05:30 PM,06-Oct-2026 05:30 PM,,,1 24-Aug-2026 09:00 AM 05-Oct-2026 05:30 PM 06-Oct-2026 05:30 PM [Indore Mandav Route ] [AICTSL/2026/MPE-Tender/NIT NO. 113][2026_AICTS_531642_1] Atal Indore City Transport Services Ltd - Indore
71,District Collectorate,3,3,MATCH,2026_AICTS_531648_1,Indore Sendhwa Route,AICTSL/2026/MPE-Tender/NIT NO. 118,24-Aug-2026 09:00 AM,05-Oct-2026 05:30 PM,06-Oct-2026 05:30 PM,,,2 24-Aug-2026 09:00 AM 05-Oct-2026 05:30 PM 06-Oct-2026 05:30 PM [Indore Sendhwa Route ] [AICTSL/2026/MPE-Tender/NIT NO. 118][2026_AICTS_531648_1] Atal Indore City Transport Services Ltd - Indore
72,District Collectorate,3,3,MATCH,2026_AICTS_530313_1,Construction of Bus Q Shelters,AICTSL/2026/MPE-Tender/NIT NO. 112,18-Aug-2026 11:00 AM,07-Oct-2026 05:30 PM,08-Oct-2026 05:30 PM,,,3 18-Aug-2026 11:00 AM 07-Oct-2026 05:30 PM 08-Oct-2026 05:30 PM [Construction of Bus Q Shelters ] [AICTSL/2026/MPE-Tender/NIT NO. 112][2026_AICTS_530313_1] Atal Indore City Transport Services Ltd - Indore
73,District Education Officer Office Neemuch,3,3,MATCH,2026_AICTS_531642_1,Indore Mandav Route,AICTSL/2026/MPE-Tender/NIT NO. 113,24-Aug-2026 09:00 AM,05-Oct-2026 05:30 PM,06-Oct-2026 05:30 PM,,,1 24-Aug-2026 09:00 AM 05-Oct-2026 05:30 PM 06-Oct-2026 05:30 PM [Indore Mandav Route ] [AICTSL/2026/MPE-Tender/NIT NO. 113][2026_AICTS_531642_1] Atal Indore City Transport Services Ltd - Indore
74,District Education Officer Office Neemuch,3,3,MATCH,2026_AICTS_531648_1,Indore Sendhwa Route,AICTSL/2026/MPE-Tender/NIT NO. 118,24-Aug-2026 09:00 AM,05-Oct-2026 05:30 PM,06-Oct-2026 05:30 PM,,,2 24-Aug-2026 09:00 AM 05-Oct-2026 05:30 PM 06-Oct-2026 05:30 PM [Indore Sendhwa Route ] [AICTSL/2026/MPE-Tender/NIT NO. 118][2026_AICTS_531648_1] Atal Indore City Transport Services Ltd - Indore
75,District Education Officer Office Neemuch,3,3,MATCH,2026_AICTS_530313_1,Construction of Bus Q Shelters,AICTSL/2026/MPE-Tender/NIT NO. 112,18-Aug-2026 11:00 AM,07-Oct-2026 05:30 PM,08-Oct-2026 05:30 PM,,,3 18-Aug-2026 11:00 AM 07-Oct-2026 05:30 PM 08-Oct-2026 05:30 PM [Construction of Bus Q Shelters ] [AICTSL/2026/MPE-Tender/NIT NO. 112][2026_AICTS_530313_1] Atal Indore City Transport Services Ltd - Indore
76,Economic Offences Wing,3,3,MATCH,2026_AICTS_531642_1,Indore Mandav Route,AICTSL/2026/MPE-Tender/NIT NO. 113,24-Aug-2026 09:00 AM,05-Oct-2026 05:30 PM,06-Oct-2026 05:30 PM,,,1 24-Aug-2026 09:00 AM 05-Oct-2026 05:30 PM 06-Oct-2026 05:30 PM [Indore Mandav Route ] [AICTSL/2026/MPE-Tender/NIT NO. 113][2026_AICTS_531642_1] Atal Indore City Transport Services Ltd - Indore
77,Economic Offences Wing,3,3,MATCH,2026_AICTS_531648_1,Indore Sendhwa Route,AICTSL/2026/MPE-Tender/NIT NO. 118,24-Aug-2026 09:00 AM,05-Oct-2026 05:30 PM,06-Oct-2026 05:30 PM,,,2 24-Aug-2026 09:00 AM 05-Oct-2026 05:30 PM 06-Oct-2026 05:30 PM [Indore Sendhwa Route ] [AICTSL/2026/MPE-Tender/NIT NO. 118][2026_AICTS_531648_1] Atal Indore City Transport Services Ltd - Indore
78,Economic Offences Wing,3,3,MATCH,2026_AICTS_530313_1,Construction of Bus Q Shelters,AICTSL/2026/MPE-Tender/NIT NO. 112,18-Aug-2026 11:00 AM,07-Oct-2026 05:30 PM,08-Oct-2026 05:30 PM,,,3 18-Aug-2026 11:00 AM 07-Oct-2026 05:30 PM 08-Oct-2026 05:30 PM [Construction of Bus Q Shelters ] [AICTSL/2026/MPE-Tender/NIT NO. 112][2026_AICTS_530313_1] Atal Indore City Transport Services Ltd - Indore
79,Engineer-in-Chief - Water Resources Department,3,3,MATCH,2026_AICTS_531642_1,Indore Mandav Route,AICTSL/2026/MPE-Tender/NIT NO. 113,24-Aug-2026 09:00 AM,05-Oct-2026 05:30 PM,06-Oct-2026 05:30 PM,,,1 24-Aug-2026 09:00 AM 05-Oct-2026 05:30 PM 06-Oct-2026 05:30 PM [Indore Mandav Route ] [AICTSL/2026/MPE-Tender/NIT NO. 113][2026_AICTS_531642_1] Atal Indore City Transport Services Ltd - Indore
80,Engineer-in-Chief - Water Resources Department,3,3,MATCH,2026_AICTS_531648_1,Indore Sendhwa Route,AICTSL/2026/MPE-Tender/NIT NO. 118,24-Aug-2026 09:00 AM,05-Oct-2026 05:30 PM,06-Oct-2026 05:30 PM,,,2 24-Aug-2026 09:00 AM 05-Oct-2026 05:30 PM 06-Oct-2026 05:30 PM [Indore Sendhwa Route ] [AICTSL/2026/MPE-Tender/NIT NO. 118][2026_AICTS_531648_1] Atal Indore City Transport Services Ltd - Indore
81,Engineer-in-Chief - Water Resources Department,3,3,MATCH,2026_AICTS_530313_1,Construction of Bus Q Shelters,AICTSL/2026/MPE-Tender/NIT NO. 112,18-Aug-2026 11:00 AM,07-Oct-2026 05:30 PM,08-Oct-2026 05:30 PM,,,3 18-Aug-2026 11:00 AM 07-Oct-2026 05:30 PM 08-Oct-2026 05:30 PM [Construction of Bus Q Shelters ] [AICTSL/2026/MPE-Tender/NIT NO. 112][2026_AICTS_530313_1] Atal Indore City Transport Services Ltd - Indore
82,Excise Department,3,3,MATCH,2026_AICTS_531642_1,Indore Mandav Route,AICTSL/2026/MPE-Tender/NIT NO. 113,24-Aug-2026 09:00 AM,05-Oct-2026 05:30 PM,06-Oct-2026 05:30 PM,,,1 24-Aug-2026 09:00 AM 05-Oct-2026 05:30 PM 06-Oct-2026 05:30 PM [Indore Mandav Route ] [AICTSL/2026/MPE-Tender/NIT NO. 113][2026_AICTS_531642_1] Atal Indore City Transport Services Ltd - Indore
83,Excise Department,3,3,MATCH,2026_AICTS_531648_1,Indore Sendhwa Route,AICTSL/2026/MPE-Tender/NIT NO. 118,24-Aug-2026 09:00 AM,05-Oct-2026 05:30 PM,06-Oct-2026 05:30 PM,,,2 24-Aug-2026 09:00 AM 05-Oct-2026 05:30 PM 06-Oct-2026 05:30 PM [Indore Sendhwa Route ] [AICTSL/2026/MPE-Tender/NIT NO. 118][2026_AICTS_531648_1] Atal Indore City Transport Services Ltd - Indore
84,Excise Department,3,3,MATCH,2026_AICTS_530313_1,Construction of Bus Q Shelters,AICTSL/2026/MPE-Tender/NIT NO. 112,18-Aug-2026 11:00 AM,07-Oct-2026 05:30 PM,08-Oct-2026 05:30 PM,,,3 18-Aug-2026 11:00 AM 07-Oct-2026 05:30 PM 08-Oct-2026 05:30 PM [Construction of Bus Q Shelters ] [AICTSL/2026/MPE-Tender/NIT NO. 112][2026_AICTS_530313_1] Atal Indore City Transport Services Ltd - Indore
85,General Administration Department - Registrar,3,3,MATCH,2026_AICTS_531642_1,Indore Mandav Route,AICTSL/2026/MPE-Tender/NIT NO. 113,24-Aug-2026 09:00 AM,05-Oct-2026 05:30 PM,06-Oct-2026 05:30 PM,,,1 24-Aug-2026 09:00 AM 05-Oct-2026 05:30 PM 06-Oct-2026 05:30 PM [Indore Mandav Route ] [AICTSL/2026/MPE-Tender/NIT NO. 113][2026_AICTS_531642_1] Atal Indore City Transport Services Ltd - Indore
86,General Administration Department - Registrar,3,3,MATCH,2026_AICTS_531648_1,Indore Sendhwa Route,AICTSL/2026/MPE-Tender/NIT NO. 118,24-Aug-2026 09:00 AM,05-Oct-2026 05:30 PM,06-Oct-2026 05:30 PM,,,2 24-Aug-2026 09:00 AM 05-Oct-2026 05:30 PM 06-Oct-2026 05:30 PM [Indore Sendhwa Route ] [AICTSL/2026/MPE-Tender/NIT NO. 118][2026_AICTS_531648_1] Atal Indore City Transport Services Ltd - Indore
87,General Administration Department - Registrar,3,3,MATCH,2026_AICTS_530313_1,Construction of Bus Q Shelters,AICTSL/2026/MPE-Tender/NIT NO. 112,18-Aug-2026 11:00 AM,07-Oct-2026 05:30 PM,08-Oct-2026 05:30 PM,,,3 18-Aug-2026 11:00 AM 07-Oct-2026 05:30 PM 08-Oct-2026 05:30 PM [Construction of Bus Q Shelters ] [AICTSL/2026/MPE-Tender/NIT NO. 112][2026_AICTS_530313_1] Atal Indore City Transport Services Ltd - Indore
88,Gwalior Vyapar Mela Pradhikaran - GVMP,3,3,MATCH,2026_AICTS_531642_1,Indore Mandav Route,AICTSL/2026/MPE-Tender/NIT NO. 113,24-Aug-2026 09:00 AM,05-Oct-2026 05:30 PM,06-Oct-2026 05:30 PM,,,1 24-Aug-2026 09:00 AM 05-Oct-2026 05:30 PM 06-Oct-2026 05:30 PM [Indore Mandav Route ] [AICTSL/2026/MPE-Tender/NIT NO. 113][2026_AICTS_531642_1] Atal Indore City Transport Services Ltd - Indore
89,Gwalior Vyapar Mela Pradhikaran - GVMP,3,3,MATCH,2026_AICTS_531648_1,Indore Sendhwa Route,AICTSL/2026/MPE-Tender/NIT NO. 118,24-Aug-2026 09:00 AM,05-Oct-2026 05:30 PM,06-Oct-2026 05:30 PM,,,2 24-Aug-2026 09:00 AM 05-Oct-2026 05:30 PM 06-Oct-2026 05:30 PM [Indore Sendhwa Route ] [AICTSL/2026/MPE-Tender/NIT NO. 118][2026_AICTS_531648_1] Atal Indore City Transport Services Ltd - Indore
90,Gwalior Vyapar Mela Pradhikaran - GVMP,3,3,MATCH,2026_AICTS_530313_1,Construction of Bus Q Shelters,AICTSL/2026/MPE-Tender/NIT NO. 112,18-Aug-2026 11:00 AM,07-Oct-2026 05:30 PM,08-Oct-2026 05:30 PM,,,3 18-Aug-2026 11:00 AM 07-Oct-2026 05:30 PM 08-Oct-2026 05:30 PM [Construction of Bus Q Shelters ] [AICTSL/2026/MPE-Tender/NIT NO. 112][2026_AICTS_530313_1] Atal Indore City Transport Services Ltd - Indore
91,High Court of Madhya Pradesh,3,3,MATCH,2026_AICTS_531642_1,Indore Mandav Route,AICTSL/2026/MPE-Tender/NIT NO. 113,24-Aug-2026 09:00 AM,05-Oct-2026 05:30 PM,06-Oct-2026 05:30 PM,,,1 24-Aug-2026 09:00 AM 05-Oct-2026 05:30 PM 06-Oct-2026 05:30 PM [Indore Mandav Route ] [AICTSL/2026/MPE-Tender/NIT NO. 113][2026_AICTS_531642_1] Atal Indore City Transport Services Ltd - Indore
92,High Court of Madhya Pradesh,3,3,MATCH,2026_AICTS_531648_1,Indore Sendhwa Route,AICTSL/2026/MPE-Tender/NIT NO. 118,24-Aug-2026 09:00 AM,05-Oct-2026 05:30 PM,06-Oct-2026 05:30 PM,,,2 24-Aug-2026 09:00 AM 05-Oct-2026 05:30 PM 06-Oct-2026 05:30 PM [Indore Sendhwa Route ] [AICTSL/2026/MPE-Tender/NIT NO. 118][2026_AICTS_531648_1] Atal Indore City Transport Services Ltd - Indore
93,High Court of Madhya Pradesh,3,3,MATCH,2026_AICTS_530313_1,Construction of Bus Q Shelters,AICTSL/2026/MPE-Tender/NIT NO. 112,18-Aug-2026 11:00 AM,07-Oct-2026 05:30 PM,08-Oct-2026 05:30 PM,,,3 18-Aug-2026 11:00 AM 07-Oct-2026 05:30 PM 08-Oct-2026 05:30 PM [Construction of Bus Q Shelters ] [AICTSL/2026/MPE-Tender/NIT NO. 112][2026_AICTS_530313_1] Atal Indore City Transport Services Ltd - Indore
94,Homeguard Civil Defence and Disaster Management,3,3,MATCH,2026_AICTS_531642_1,Indore Mandav Route,AICTSL/2026/MPE-Tender/NIT NO. 113,24-Aug-2026 09:00 AM,05-Oct-2026 05:30 PM,06-Oct-2026 05:30 PM,,,1 24-Aug-2026 09:00 AM 05-Oct-2026 05:30 PM 06-Oct-2026 05:30 PM [Indore Mandav Route ] [AICTSL/2026/MPE-Tender/NIT NO. 113][2026_AICTS_531642_1] Atal Indore City Transport Services Ltd - Indore
95,Homeguard Civil Defence and Disaster Management,3,3,MATCH,2026_AICTS_531648_1,Indore Sendhwa Route,AICTSL/2026/MPE-Tender/NIT NO. 118,24-Aug-2026 09:00 AM,05-Oct-2026 05:30 PM,06-Oct-2026 05:30 PM,,,2 24-Aug-2026 09:00 AM 05-Oct-2026 05:30 PM 06-Oct-2026 05:30 PM [Indore Sendhwa Route ] [AICTSL/2026/MPE-Tender/NIT NO. 118][2026_AICTS_531648_1] Atal Indore City Transport Services Ltd - Indore
96,Homeguard Civil Defence and Disaster Management,3,3,MATCH,2026_AICTS_530313_1,Construction of Bus Q Shelters,AICTSL/2026/MPE-Tender/NIT NO. 112,18-Aug-2026 11:00 AM,07-Oct-2026 05:30 PM,08-Oct-2026 05:30 PM,,,3 18-Aug-2026 11:00 AM 07-Oct-2026 05:30 PM 08-Oct-2026 05:30 PM [Construction of Bus Q Shelters ] [AICTSL/2026/MPE-Tender/NIT NO. 112][2026_AICTS_530313_1] Atal Indore City Transport Services Ltd - Indore
97,Jiwaji University - Gwalior,3,3,MATCH,2026_AICTS_531642_1,Indore Mandav Route,AICTSL/2026/MPE-Tender/NIT NO. 113,24-Aug-2026 09:00 AM,05-Oct-2026 05:30 PM,06-Oct-2026 05:30 PM,,,1 24-Aug-2026 09:00 AM 05-Oct-2026 05:30 PM 06-Oct-2026 05:30 PM [Indore Mandav Route ] [AICTSL/2026/MPE-Tender/NIT NO. 113][2026_AICTS_531642_1] Atal Indore City Transport Services Ltd - Indore
98,Jiwaji University - Gwalior,3,3,MATCH,2026_AICTS_531648_1,Indore Sendhwa Route,AICTSL/2026/MPE-Tender/NIT NO. 118,24-Aug-2026 09:00 AM,05-Oct-2026 05:30 PM,06-Oct-2026 05:30 PM,,,2 24-Aug-2026 09:00 AM 05-Oct-2026 05:30 PM 06-Oct-2026 05:30 PM [Indore Sendhwa Route ] [AICTSL/2026/MPE-Tender/NIT NO. 118][2026_AICTS_531648_1] Atal Indore City Transport Services Ltd - Indore
99,Jiwaji University - Gwalior,3,3,MATCH,2026_AICTS_530313_1,Construction of Bus Q Shelters,AICTSL/2026/MPE-Tender/NIT NO. 112,18-Aug-2026 11:00 AM,07-Oct-2026 05:30 PM,08-Oct-2026 05:30 PM,,,3 18-Aug-2026 11:00 AM 07-Oct-2026 05:30 PM 08-Oct-2026 05:30 PM [Construction of Bus Q Shelters ] [AICTSL/2026/MPE-Tender/NIT NO. 112][2026_AICTS_530313_1] Atal Indore City Transport Services Ltd - Indore
100,Krantivir Tatya Tope Vishwavidyalaya - Guna M P,3,3,MATCH,2026_AICTS_531642_1,Indore Mandav Route,AICTSL/2026/MPE-Tender/NIT NO. 113,24-Aug-2026 09:00 AM,05-Oct-2026 05:30 PM,06-Oct-2026 05:30 PM,,,1 24-Aug-2026 09:00 AM 05-Oct-2026 05:30 PM 06-Oct-2026 05:30 PM [Indore Mandav Route ] [AICTSL/2026/MPE-Tender/NIT NO. 113][2026_AICTS_531642_1] Atal Indore City Transport Services Ltd - Indore
101,Krantivir Tatya Tope Vishwavidyalaya - Guna M P,3,3,MATCH,2026_AICTS_531648_1,Indore Sendhwa Route,AICTSL/2026/MPE-Tender/NIT NO. 118,24-Aug-2026 09:00 AM,05-Oct-2026 05:30 PM,06-Oct-2026 05:30 PM,,,2 24-Aug-2026 09:00 AM 05-Oct-2026 05:30 PM 06-Oct-2026 05:30 PM [Indore Sendhwa Route ] [AICTSL/2026/MPE-Tender/NIT NO. 118][2026_AICTS_531648_1] Atal Indore City Transport Services Ltd - Indore
102,Krantivir Tatya Tope Vishwavidyalaya - Guna M P,3,3,MATCH,2026_AICTS_530313_1,Construction of Bus Q Shelters,AICTSL/2026/MPE-Tender/NIT NO. 112,18-Aug-2026 11:00 AM,07-Oct-2026 05:30 PM,08-Oct-2026 05:30 PM,,,3 18-Aug-2026 11:00 AM 07-Oct-2026 05:30 PM 08-Oct-2026 05:30 PM [Construction of Bus Q Shelters ] [AICTSL/2026/MPE-Tender/NIT NO. 112][2026_AICTS_530313_1] Atal Indore City Transport Services Ltd - Indore
103,Madhya Pradesh Bhawan,3,3,MATCH,2026_AICTS_531642_1,Indore Mandav Route,AICTSL/2026/MPE-Tender/NIT NO. 113,24-Aug-2026 09:00 AM,05-Oct-2026 05:30 PM,06-Oct-2026 05:30 PM,,,1 24-Aug-2026 09:00 AM 05-Oct-2026 05:30 PM 06-Oct-2026 05:30 PM [Indore Mandav Route ] [AICTSL/2026/MPE-Tender/NIT NO. 113][2026_AICTS_531642_1] Atal Indore City Transport Services Ltd - Indore
104,Madhya Pradesh Bhawan,3,3,MATCH,2026_AICTS_531648_1,Indore Sendhwa Route,AICTSL/2026/MPE-Tender/NIT NO. 118,24-Aug-2026 09:00 AM,05-Oct-2026 05:30 PM,06-Oct-2026 05:30 PM,,,2 24-Aug-2026 09:00 AM 05-Oct-2026 05:30 PM 06-Oct-2026 05:30 PM [Indore Sendhwa Route ] [AICTSL/2026/MPE-Tender/NIT NO. 118][2026_AICTS_531648_1] Atal Indore City Transport Services Ltd - Indore
105,Madhya Pradesh Bhawan,3,3,MATCH,2026_AICTS_530313_1,Construction of Bus Q Shelters,AICTSL/2026/MPE-Tender/NIT NO. 112,18-Aug-2026 11:00 AM,07-Oct-2026 05:30 PM,08-Oct-2026 05:30 PM,,,3 18-Aug-2026 11:00 AM 07-Oct-2026 05:30 PM 08-Oct-2026 05:30 PM [Construction of Bus Q Shelters ] [AICTSL/2026/MPE-Tender/NIT NO. 112][2026_AICTS_530313_1] Atal Indore City Transport Services Ltd - Indore
106,Madhya Pradesh Jal Nigam Maryadit,3,3,MATCH,2026_AICTS_531642_1,Indore Mandav Route,AICTSL/2026/MPE-Tender/NIT NO. 113,24-Aug-2026 09:00 AM,05-Oct-2026 05:30 PM,06-Oct-2026 05:30 PM,,,1 24-Aug-2026 09:00 AM 05-Oct-2026 05:30 PM 06-Oct-2026 05:30 PM [Indore Mandav Route ] [AICTSL/2026/MPE-Tender/NIT NO. 113][2026_AICTS_531642_1] Atal Indore City Transport Services Ltd - Indore
107,Madhya Pradesh Jal Nigam Maryadit,3,3,MATCH,2026_AICTS_531648_1,Indore Sendhwa Route,AICTSL/2026/MPE-Tender/NIT NO. 118,24-Aug-2026 09:00 AM,05-Oct-2026 05:30 PM,06-Oct-2026 05:30 PM,,,2 24-Aug-2026 09:00 AM 05-Oct-2026 05:30 PM 06-Oct-2026 05:30 PM [Indore Sendhwa Route ] [AICTSL/2026/MPE-Tender/NIT NO. 118][2026_AICTS_531648_1] Atal Indore City Transport Services Ltd - Indore
108,Madhya Pradesh Jal Nigam Maryadit,3,3,MATCH,2026_AICTS_530313_1,Construction of Bus Q Shelters,AICTSL/2026/MPE-Tender/NIT NO. 112,18-Aug-2026 11:00 AM,07-Oct-2026 05:30 PM,08-Oct-2026 05:30 PM,,,3 18-Aug-2026 11:00 AM 07-Oct-2026 05:30 PM 08-Oct-2026 05:30 PM [Construction of Bus Q Shelters ] [AICTSL/2026/MPE-Tender/NIT NO. 112][2026_AICTS_530313_1] Atal Indore City Transport Services Ltd - Indore
109,Madhya Pradesh Madhya Kshetra Vidyut Vitaran Company Limited,3,3,MATCH,2026_AICTS_531642_1,Indore Mandav Route,AICTSL/2026/MPE-Tender/NIT NO. 113,24-Aug-2026 09:00 AM,05-Oct-2026 05:30 PM,06-Oct-2026 05:30 PM,,,1 24-Aug-2026 09:00 AM 05-Oct-2026 05:30 PM 06-Oct-2026 05:30 PM [Indore Mandav Route ] [AICTSL/2026/MPE-Tender/NIT NO. 113][2026_AICTS_531642_1] Atal Indore City Transport Services Ltd - Indore
110,Madhya Pradesh Madhya Kshetra Vidyut Vitaran Company Limited,3,3,MATCH,2026_AICTS_531648_1,Indore Sendhwa Route,AICTSL/2026/MPE-Tender/NIT NO. 118,24-Aug-2026 09:00 AM,05-Oct-2026 05:30 PM,06-Oct-2026 05:30 PM,,,2 24-Aug-2026 09:00 AM 05-Oct-2026 05:30 PM 06-Oct-2026 05:30 PM [Indore Sendhwa Route ] [AICTSL/2026/MPE-Tender/NIT NO. 118][2026_AICTS_531648_1] Atal Indore City Transport Services Ltd - Indore
111,Madhya Pradesh Madhya Kshetra Vidyut Vitaran Company Limited,3,3,MATCH,2026_AICTS_530313_1,Construction of Bus Q Shelters,AICTSL/2026/MPE-Tender/NIT NO. 112,18-Aug-2026 11:00 AM,07-Oct-2026 05:30 PM,08-Oct-2026 05:30 PM,,,3 18-Aug-2026 11:00 AM 07-Oct-2026 05:30 PM 08-Oct-2026 05:30 PM [Construction of Bus Q Shelters ] [AICTSL/2026/MPE-Tender/NIT NO. 112][2026_AICTS_530313_1] Atal Indore City Transport Services Ltd - Indore
112,Madhya Pradesh Madhyam,3,3,MATCH,2026_AICTS_531642_1,Indore Mandav Route,AICTSL/2026/MPE-Tender/NIT NO. 113,24-Aug-2026 09:00 AM,05-Oct-2026 05:30 PM,06-Oct-2026 05:30 PM,,,1 24-Aug-2026 09:00 AM 05-Oct-2026 05:30 PM 06-Oct-2026 05:30 PM [Indore Mandav Route ] [AICTSL/2026/MPE-Tender/NIT NO. 113][2026_AICTS_531642_1] Atal Indore City Transport Services Ltd - Indore
113,Madhya Pradesh Madhyam,3,3,MATCH,2026_AICTS_531648_1,Indore Sendhwa Route,AICTSL/2026/MPE-Tender/NIT NO. 118,24-Aug-2026 09:00 AM,05-Oct-2026 05:30 PM,06-Oct-2026 05:30 PM,,,2 24-Aug-2026 09:00 AM 05-Oct-2026 05:30 PM 06-Oct-2026 05:30 PM [Indore Sendhwa Route ] [AICTSL/2026/MPE-Tender/NIT NO. 118][2026_AICTS_531648_1] Atal Indore City Transport Services Ltd - Indore
114,Madhya Pradesh Madhyam,3,3,MATCH,2026_AICTS_530313_1,Construction of Bus Q Shelters,AICTSL/2026/MPE-Tender/NIT NO. 112,18-Aug-2026 11:00 AM,07-Oct-2026 05:30 PM,08-Oct-2026 05:30 PM,,,3 18-Aug-2026 11:00 AM 07-Oct-2026 05:30 PM 08-Oct-2026 05:30 PM [Construction of Bus Q Shelters ] [AICTSL/2026/MPE-Tender/NIT NO. 112][2026_AICTS_530313_1] Atal Indore City Transport Services Ltd - Indore
115,Madhya Pradesh Paschim Kshetra Vidyut Vitran Company Ltd,3,3,MATCH,2026_AICTS_531642_1,Indore Mandav Route,AICTSL/2026/MPE-Tender/NIT NO. 113,24-Aug-2026 09:00 AM,05-Oct-2026 05:30 PM,06-Oct-2026 05:30 PM,,,1 24-Aug-2026 09:00 AM 05-Oct-2026 05:30 PM 06-Oct-2026 05:30 PM [Indore Mandav Route ] [AICTSL/2026/MPE-Tender/NIT NO. 113][2026_AICTS_531642_1] Atal Indore City Transport Services Ltd - Indore
116,Madhya Pradesh Paschim Kshetra Vidyut Vitran Company Ltd,3,3,MATCH,2026_AICTS_531648_1,Indore Sendhwa Route,AICTSL/2026/MPE-Tender/NIT NO. 118,24-Aug-2026 09:00 AM,05-Oct-2026 05:30 PM,06-Oct-2026 05:30 PM,,,2 24-Aug-2026 09:00 AM 05-Oct-2026 05:30 PM 06-Oct-2026 05:30 PM [Indore Sendhwa Route ] [AICTSL/2026/MPE-Tender/NIT NO. 118][2026_AICTS_531648_1] Atal Indore City Transport Services Ltd - Indore
117,Madhya Pradesh Paschim Kshetra Vidyut Vitran Company Ltd,3,3,MATCH,2026_AICTS_530313_1,Construction of Bus Q Shelters,AICTSL/2026/MPE-Tender/NIT NO. 112,18-Aug-2026 11:00 AM,07-Oct-2026 05:30 PM,08-Oct-2026 05:30 PM,,,3 18-Aug-2026 11:00 AM 07-Oct-2026 05:30 PM 08-Oct-2026 05:30 PM [Construction of Bus Q Shelters ] [AICTSL/2026/MPE-Tender/NIT NO. 112][2026_AICTS_530313_1] Atal Indore City Transport Services Ltd - Indore
118,Madhya Pradesh Poorv Kshetra Vidyut Vitaran Company Limited,3,3,MATCH,2026_AICTS_531642_1,Indore Mandav Route,AICTSL/2026/MPE-Tender/NIT NO. 113,24-Aug-2026 09:00 AM,05-Oct-2026 05:30 PM,06-Oct-2026 05:30 PM,,,1 24-Aug-2026 09:00 AM 05-Oct-2026 05:30 PM 06-Oct-2026 05:30 PM [Indore Mandav Route ] [AICTSL/2026/MPE-Tender/NIT NO. 113][2026_AICTS_531642_1] Atal Indore City Transport Services Ltd - Indore
119,Madhya Pradesh Poorv Kshetra Vidyut Vitaran Company Limited,3,3,MATCH,2026_AICTS_531648_1,Indore Sendhwa Route,AICTSL/2026/MPE-Tender/NIT NO. 118,24-Aug-2026 09:00 AM,05-Oct-2026 05:30 PM,06-Oct-2026 05:30 PM,,,2 24-Aug-2026 09:00 AM 05-Oct-2026 05:30 PM 06-Oct-2026 05:30 PM [Indore Sendhwa Route ] [AICTSL/2026/MPE-Tender/NIT NO. 118][2026_AICTS_531648_1] Atal Indore City Transport Services Ltd - Indore
120,Madhya Pradesh Poorv Kshetra Vidyut Vitaran Company Limited,3,3,MATCH,2026_AICTS_530313_1,Construction of Bus Q Shelters,AICTSL/2026/MPE-Tender/NIT NO. 112,18-Aug-2026 11:00 AM,07-Oct-2026 05:30 PM,08-Oct-2026 05:30 PM,,,3 18-Aug-2026 11:00 AM 07-Oct-2026 05:30 PM 08-Oct-2026 05:30 PM [Construction of Bus Q Shelters ] [AICTSL/2026/MPE-Tender/NIT NO. 112][2026_AICTS_530313_1] Atal Indore City Transport Services Ltd - Indore
121,Madhya Pradesh Power Generating Company Limited,3,3,MATCH,2026_AICTS_531642_1,Indore Mandav Route,AICTSL/2026/MPE-Tender/NIT NO. 113,24-Aug-2026 09:00 AM,05-Oct-2026 05:30 PM,06-Oct-2026 05:30 PM,,,1 24-Aug-2026 09:00 AM 05-Oct-2026 05:30 PM 06-Oct-2026 05:30 PM [Indore Mandav Route ] [AICTSL/2026/MPE-Tender/NIT NO. 113][2026_AICTS_531642_1] Atal Indore City Transport Services Ltd - Indore
122,Madhya Pradesh Power Generating Company Limited,3,3,MATCH,2026_AICTS_531648_1,Indore Sendhwa Route,AICTSL/2026/MPE-Tender/NIT NO. 118,24-Aug-2026 09:00 AM,05-Oct-2026 05:30 PM,06-Oct-2026 05:30 PM,,,2 24-Aug-2026 09:00 AM 05-Oct-2026 05:30 PM 06-Oct-2026 05:30 PM [Indore Sendhwa Route ] [AICTSL/2026/MPE-Tender/NIT NO. 118][2026_AICTS_531648_1] Atal Indore City Transport Services Ltd - Indore
123,Madhya Pradesh Power Generating Company Limited,3,3,MATCH,2026_AICTS_530313_1,Construction of Bus Q Shelters,AICTSL/2026/MPE-Tender/NIT NO. 112,18-Aug-2026 11:00 AM,07-Oct-2026 05:30 PM,08-Oct-2026 05:30 PM,,,3 18-Aug-2026 11:00 AM 07-Oct-2026 05:30 PM 08-Oct-2026 05:30 PM [Construction of Bus Q Shelters ] [AICTSL/2026/MPE-Tender/NIT NO. 112][2026_AICTS_530313_1] Atal Indore City Transport Services Ltd - Indore
124,Madhya Pradesh Power Management Company Limited-Jabalpur,3,3,MATCH,2026_AICTS_531642_1,Indore Mandav Route,AICTSL/2026/MPE-Tender/NIT NO. 113,24-Aug-2026 09:00 AM,05-Oct-2026 05:30 PM,06-Oct-2026 05:30 PM,,,1 24-Aug-2026 09:00 AM 05-Oct-2026 05:30 PM 06-Oct-2026 05:30 PM [Indore Mandav Route ] [AICTSL/2026/MPE-Tender/NIT NO. 113][2026_AICTS_531642_1] Atal Indore City Transport Services Ltd - Indore
125,Madhya Pradesh Power Management Company Limited-Jabalpur,3,3,MATCH,2026_AICTS_531648_1,Indore Sendhwa Route,AICTSL/2026/MPE-Tender/NIT NO. 118,24-Aug-2026 09:00 AM,05-Oct-2026 05:30 PM,06-Oct-2026 05:30 PM,,,2 24-Aug-2026 09:00 AM 05-Oct-2026 05:30 PM 06-Oct-2026 05:30 PM [Indore Sendhwa Route ] [AICTSL/2026/MPE-Tender/NIT NO. 118][2026_AICTS_531648_1] Atal Indore City Transport Services Ltd - Indore
126,Madhya Pradesh Power Management Company Limited-Jabalpur,3,3,MATCH,2026_AICTS_530313_1,Construction of Bus Q Shelters,AICTSL/2026/MPE-Tender/NIT NO. 112,18-Aug-2026 11:00 AM,07-Oct-2026 05:30 PM,08-Oct-2026 05:30 PM,,,3 18-Aug-2026 11:00 AM 07-Oct-2026 05:30 PM 08-Oct-2026 05:30 PM [Construction of Bus Q Shelters ] [AICTSL/2026/MPE-Tender/NIT NO. 112][2026_AICTS_530313_1] Atal Indore City Transport Services Ltd - Indore
127,Madhya Pradesh Public Health Services Corporation Ltd.,3,3,MATCH,2026_AICTS_531642_1,Indore Mandav Route,AICTSL/2026/MPE-Tender/NIT NO. 113,24-Aug-2026 09:00 AM,05-Oct-2026 05:30 PM,06-Oct-2026 05:30 PM,,,1 24-Aug-2026 09:00 AM 05-Oct-2026 05:30 PM 06-Oct-2026 05:30 PM [Indore Mandav Route ] [AICTSL/2026/MPE-Tender/NIT NO. 113][2026_AICTS_531642_1] Atal Indore City Transport Services Ltd - Indore
128,Madhya Pradesh Public Health Services Corporation Ltd.,3,3,MATCH,2026_AICTS_531648_1,Indore Sendhwa Route,AICTSL/2026/MPE-Tender/NIT NO. 118,24-Aug-2026 09:00 AM,05-Oct-2026 05:30 PM,06-Oct-2026 05:30 PM,,,2 24-Aug-2026 09:00 AM 05-Oct-2026 05:30 PM 06-Oct-2026 05:30 PM [Indore Sendhwa Route ] [AICTSL/2026/MPE-Tender/NIT NO. 118][2026_AICTS_531648_1] Atal Indore City Transport Services Ltd - Indore
129,Madhya Pradesh Public Health Services Corporation Ltd.,3,3,MATCH,2026_AICTS_530313_1,Construction of Bus Q Shelters,AICTSL/2026/MPE-Tender/NIT NO. 112,18-Aug-2026 11:00 AM,07-Oct-2026 05:30 PM,08-Oct-2026 05:30 PM,,,3 18-Aug-2026 11:00 AM 07-Oct-2026 05:30 PM 08-Oct-2026 05:30 PM [Construction of Bus Q Shelters ] [AICTSL/2026/MPE-Tender/NIT NO. 112][2026_AICTS_530313_1] Atal Indore City Transport Services Ltd - Indore
130,Madhya Pradesh Rajya Van Vikas Nigam Ltd.,3,3,MATCH,2026_AICTS_531642_1,Indore Mandav Route,AICTSL/2026/MPE-Tender/NIT NO. 113,24-Aug-2026 09:00 AM,05-Oct-2026 05:30 PM,06-Oct-2026 05:30 PM,,,1 24-Aug-2026 09:00 AM 05-Oct-2026 05:30 PM 06-Oct-2026 05:30 PM [Indore Mandav Route ] [AICTSL/2026/MPE-Tender/NIT NO. 113][2026_AICTS_531642_1] Atal Indore City Transport Services Ltd - Indore
131,Madhya Pradesh Rajya Van Vikas Nigam Ltd.,3,3,MATCH,2026_AICTS_531648_1,Indore Sendhwa Route,AICTSL/2026/MPE-Tender/NIT NO. 118,24-Aug-2026 09:00 AM,05-Oct-2026 05:30 PM,06-Oct-2026 05:30 PM,,,2 24-Aug-2026 09:00 AM 05-Oct-2026 05:30 PM 06-Oct-2026 05:30 PM [Indore Sendhwa Route ] [AICTSL/2026/MPE-Tender/NIT NO. 118][2026_AICTS_531648_1] Atal Indore City Transport Services Ltd - Indore
132,Madhya Pradesh Rajya Van Vikas Nigam Ltd.,3,3,MATCH,2026_AICTS_530313_1,Construction of Bus Q Shelters,AICTSL/2026/MPE-Tender/NIT NO. 112,18-Aug-2026 11:00 AM,07-Oct-2026 05:30 PM,08-Oct-2026 05:30 PM,,,3 18-Aug-2026 11:00 AM 07-Oct-2026 05:30 PM 08-Oct-2026 05:30 PM [Construction of Bus Q Shelters ] [AICTSL/2026/MPE-Tender/NIT NO. 112][2026_AICTS_530313_1] Atal Indore City Transport Services Ltd - Indore
133,Madhya Pradesh Road Development Corporation Limited,3,3,MATCH,2026_AICTS_531642_1,Indore Mandav Route,AICTSL/2026/MPE-Tender/NIT NO. 113,24-Aug-2026 09:00 AM,05-Oct-2026 05:30 PM,06-Oct-2026 05:30 PM,,,1 24-Aug-2026 09:00 AM 05-Oct-2026 05:30 PM 06-Oct-2026 05:30 PM [Indore Mandav Route ] [AICTSL/2026/MPE-Tender/NIT NO. 113][2026_AICTS_531642_1] Atal Indore City Transport Services Ltd - Indore
134,Madhya Pradesh Road Development Corporation Limited,3,3,MATCH,2026_AICTS_531648_1,Indore Sendhwa Route,AICTSL/2026/MPE-Tender/NIT NO. 118,24-Aug-2026 09:00 AM,05-Oct-2026 05:30 PM,06-Oct-2026 05:30 PM,,,2 24-Aug-2026 09:00 AM 05-Oct-2026 05:30 PM 06-Oct-2026 05:30 PM [Indore Sendhwa Route ] [AICTSL/2026/MPE-Tender/NIT NO. 118][2026_AICTS_531648_1] Atal Indore City Transport Services Ltd - Indore
135,Madhya Pradesh Road Development Corporation Limited,3,3,MATCH,2026_AICTS_530313_1,Construction of Bus Q Shelters,AICTSL/2026/MPE-Tender/NIT NO. 112,18-Aug-2026 11:00 AM,07-Oct-2026 05:30 PM,08-Oct-2026 05:30 PM,,,3 18-Aug-2026 11:00 AM 07-Oct-2026 05:30 PM 08-Oct-2026 05:30 PM [Construction of Bus Q Shelters ] [AICTSL/2026/MPE-Tender/NIT NO. 112][2026_AICTS_530313_1] Atal Indore City Transport Services Ltd - Indore
136,Madhya Pradesh Rural Road Development Authority,3,3,MATCH,2026_AICTS_531642_1,Indore Mandav Route,AICTSL/2026/MPE-Tender/NIT NO. 113,24-Aug-2026 09:00 AM,05-Oct-2026 05:30 PM,06-Oct-2026 05:30 PM,,,1 24-Aug-2026 09:00 AM 05-Oct-2026 05:30 PM 06-Oct-2026 05:30 PM [Indore Mandav Route ] [AICTSL/2026/MPE-Tender/NIT NO. 113][2026_AICTS_531642_1] Atal Indore City Transport Services Ltd - Indore
137,Madhya Pradesh Rural Road Development Authority,3,3,MATCH,2026_AICTS_531648_1,Indore Sendhwa Route,AICTSL/2026/MPE-Tender/NIT NO. 118,24-Aug-2026 09:00 AM,05-Oct-2026 05:30 PM,06-Oct-2026 05:30 PM,,,2 24-Aug-2026 09:00 AM 05-Oct-2026 05:30 PM 06-Oct-2026 05:30 PM [Indore Sendhwa Route ] [AICTSL/2026/MPE-Tender/NIT NO. 118][2026_AICTS_531648_1] Atal Indore City Transport Services Ltd - Indore
138,Madhya Pradesh Rural Road Development Authority,3,3,MATCH,2026_AICTS_530313_1,Construction of Bus Q Shelters,AICTSL/2026/MPE-Tender/NIT NO. 112,18-Aug-2026 11:00 AM,07-Oct-2026 05:30 PM,08-Oct-2026 05:30 PM,,,3 18-Aug-2026 11:00 AM 07-Oct-2026 05:30 PM 08-Oct-2026 05:30 PM [Construction of Bus Q Shelters ] [AICTSL/2026/MPE-Tender/NIT NO. 112][2026_AICTS_530313_1] Atal Indore City Transport Services Ltd - Indore
139,Madhya Pradesh State Disaster Management Authority,3,3,MATCH,2026_AICTS_531642_1,Indore Mandav Route,AICTSL/2026/MPE-Tender/NIT NO. 113,24-Aug-2026 09:00 AM,05-Oct-2026 05:30 PM,06-Oct-2026 05:30 PM,,,1 24-Aug-2026 09:00 AM 05-Oct-2026 05:30 PM 06-Oct-2026 05:30 PM [Indore Mandav Route ] [AICTSL/2026/MPE-Tender/NIT NO. 113][2026_AICTS_531642_1] Atal Indore City Transport Services Ltd - Indore
140,Madhya Pradesh State Disaster Management Authority,3,3,MATCH,2026_AICTS_531648_1,Indore Sendhwa Route,AICTSL/2026/MPE-Tender/NIT NO. 118,24-Aug-2026 09:00 AM,05-Oct-2026 05:30 PM,06-Oct-2026 05:30 PM,,,2 24-Aug-2026 09:00 AM 05-Oct-2026 05:30 PM 06-Oct-2026 05:30 PM [Indore Sendhwa Route ] [AICTSL/2026/MPE-Tender/NIT NO. 118][2026_AICTS_531648_1] Atal Indore City Transport Services Ltd - Indore
141,Madhya Pradesh State Disaster Management Authority,3,3,MATCH,2026_AICTS_530313_1,Construction of Bus Q Shelters,AICTSL/2026/MPE-Tender/NIT NO. 112,18-Aug-2026 11:00 AM,07-Oct-2026 05:30 PM,08-Oct-2026 05:30 PM,,,3 18-Aug-2026 11:00 AM 07-Oct-2026 05:30 PM 08-Oct-2026 05:30 PM [Construction of Bus Q Shelters ] [AICTSL/2026/MPE-Tender/NIT NO. 112][2026_AICTS_530313_1] Atal Indore City Transport Services Ltd - Indore
142,Madhya Pradesh State Electronics Development Corporation Ltd.,3,3,MATCH,2026_AICTS_531642_1,Indore Mandav Route,AICTSL/2026/MPE-Tender/NIT NO. 113,24-Aug-2026 09:00 AM,05-Oct-2026 05:30 PM,06-Oct-2026 05:30 PM,,,1 24-Aug-2026 09:00 AM 05-Oct-2026 05:30 PM 06-Oct-2026 05:30 PM [Indore Mandav Route ] [AICTSL/2026/MPE-Tender/NIT NO. 113][2026_AICTS_531642_1] Atal Indore City Transport Services Ltd - Indore
143,Madhya Pradesh State Electronics Development Corporation Ltd.,3,3,MATCH,2026_AICTS_531648_1,Indore Sendhwa Route,AICTSL/2026/MPE-Tender/NIT NO. 118,24-Aug-2026 09:00 AM,05-Oct-2026 05:30 PM,06-Oct-2026 05:30 PM,,,2 24-Aug-2026 09:00 AM 05-Oct-2026 05:30 PM 06-Oct-2026 05:30 PM [Indore Sendhwa Route ] [AICTSL/2026/MPE-Tender/NIT NO. 118][2026_AICTS_531648_1] Atal Indore City Transport Services Ltd - Indore
144,Madhya Pradesh State Electronics Development Corporation Ltd.,3,3,MATCH,2026_AICTS_530313_1,Construction of Bus Q Shelters,AICTSL/2026/MPE-Tender/NIT NO. 112,18-Aug-2026 11:00 AM,07-Oct-2026 05:30 PM,08-Oct-2026 05:30 PM,,,3 18-Aug-2026 11:00 AM 07-Oct-2026 05:30 PM 08-Oct-2026 05:30 PM [Construction of Bus Q Shelters ] [AICTSL/2026/MPE-Tender/NIT NO. 112][2026_AICTS_530313_1] Atal Indore City Transport Services Ltd - Indore
145,Madhya Pradesh State Mining Corporation Ltd,3,3,MATCH,2026_AICTS_531642_1,Indore Mandav Route,AICTSL/2026/MPE-Tender/NIT NO. 113,24-Aug-2026 09:00 AM,05-Oct-2026 05:30 PM,06-Oct-2026 05:30 PM,,,1 24-Aug-2026 09:00 AM 05-Oct-2026 05:30 PM 06-Oct-2026 05:30 PM [Indore Mandav Route ] [AICTSL/2026/MPE-Tender/NIT NO. 113][2026_AICTS_531642_1] Atal Indore City Transport Services Ltd - Indore
146,Madhya Pradesh State Mining Corporation Ltd,3,3,MATCH,2026_AICTS_531648_1,Indore Sendhwa Route,AICTSL/2026/MPE-Tender/NIT NO. 118,24-Aug-2026 09:00 AM,05-Oct-2026 05:30 PM,06-Oct-2026 05:30 PM,,,2 24-Aug-2026 09:00 AM 05-Oct-2026 05:30 PM 06-Oct-2026 05:30 PM [Indore Sendhwa Route ] [AICTSL/2026/MPE-Tender/NIT NO. 118][2026_AICTS_531648_1] Atal Indore City Transport Services Ltd - Indore
147,Madhya Pradesh State Mining Corporation Ltd,3,3,MATCH,2026_AICTS_530313_1,Construction of Bus Q Shelters,AICTSL/2026/MPE-Tender/NIT NO. 112,18-Aug-2026 11:00 AM,07-Oct-2026 05:30 PM,08-Oct-2026 05:30 PM,,,3 18-Aug-2026 11:00 AM 07-Oct-2026 05:30 PM 08-Oct-2026 05:30 PM [Construction of Bus Q Shelters ] [AICTSL/2026/MPE-Tender/NIT NO. 112][2026_AICTS_530313_1] Atal Indore City Transport Services Ltd - Indore
148,Madhya Pradesh State Seeds and Farm Development Corporation,3,3,MATCH,2026_AICTS_531642_1,Indore Mandav Route,AICTSL/2026/MPE-Tender/NIT NO. 113,24-Aug-2026 09:00 AM,05-Oct-2026 05:30 PM,06-Oct-2026 05:30 PM,,,1 24-Aug-2026 09:00 AM 05-Oct-2026 05:30 PM 06-Oct-2026 05:30 PM [Indore Mandav Route ] [AICTSL/2026/MPE-Tender/NIT NO. 113][2026_AICTS_531642_1] Atal Indore City Transport Services Ltd - Indore
149,Madhya Pradesh State Seeds and Farm Development Corporation,3,3,MATCH,2026_AICTS_531648_1,Indore Sendhwa Route,AICTSL/2026/MPE-Tender/NIT NO. 118,24-Aug-2026 09:00 AM,05-Oct-2026 05:30 PM,06-Oct-2026 05:30 PM,,,2 24-Aug-2026 09:00 AM 05-Oct-2026 05:30 PM 06-Oct-2026 05:30 PM [Indore Sendhwa Route ] [AICTSL/2026/MPE-Tender/NIT NO. 118][2026_AICTS_531648_1] Atal Indore City Transport Services Ltd - Indore
150,Madhya Pradesh State Seeds and Farm Development Corporation,3,3,MATCH,2026_AICTS_530313_1,Construction of Bus Q Shelters,AICTSL/2026/MPE-Tender/NIT NO. 112,18-Aug-2026 11:00 AM,07-Oct-2026 05:30 PM,08-Oct-2026 05:30 PM,,,3 18-Aug-2026 11:00 AM 07-Oct-2026 05:30 PM 08-Oct-2026 05:30 PM [Construction of Bus Q Shelters ] [AICTSL/2026/MPE-Tender/NIT NO. 112][2026_AICTS_530313_1] Atal Indore City Transport Services Ltd - Indore
151,Madhya Pradesh Urban Development Company Limited - MDB Tenders,3,3,MATCH,2026_AICTS_531642_1,Indore Mandav Route,AICTSL/2026/MPE-Tender/NIT NO. 113,24-Aug-2026 09:00 AM,05-Oct-2026 05:30 PM,06-Oct-2026 05:30 PM,,,1 24-Aug-2026 09:00 AM 05-Oct-2026 05:30 PM 06-Oct-2026 05:30 PM [Indore Mandav Route ] [AICTSL/2026/MPE-Tender/NIT NO. 113][2026_AICTS_531642_1] Atal Indore City Transport Services Ltd - Indore
152,Madhya Pradesh Urban Development Company Limited - MDB Tenders,3,3,MATCH,2026_AICTS_531648_1,Indore Sendhwa Route,AICTSL/2026/MPE-Tender/NIT NO. 118,24-Aug-2026 09:00 AM,05-Oct-2026 05:30 PM,06-Oct-2026 05:30 PM,,,2 24-Aug-2026 09:00 AM 05-Oct-2026 05:30 PM 06-Oct-2026 05:30 PM [Indore Sendhwa Route ] [AICTSL/2026/MPE-Tender/NIT NO. 118][2026_AICTS_531648_1] Atal Indore City Transport Services Ltd - Indore
153,Madhya Pradesh Urban Development Company Limited - MDB Tenders,3,3,MATCH,2026_AICTS_530313_1,Construction of Bus Q Shelters,AICTSL/2026/MPE-Tender/NIT NO. 112,18-Aug-2026 11:00 AM,07-Oct-2026 05:30 PM,08-Oct-2026 05:30 PM,,,3 18-Aug-2026 11:00 AM 07-Oct-2026 05:30 PM 08-Oct-2026 05:30 PM [Construction of Bus Q Shelters ] [AICTSL/2026/MPE-Tender/NIT NO. 112][2026_AICTS_530313_1] Atal Indore City Transport Services Ltd - Indore
154,Madhya Pradesh Yatri Parivahan and Infrastructure Ltd.,3,3,MATCH,2026_AICTS_531642_1,Indore Mandav Route,AICTSL/2026/MPE-Tender/NIT NO. 113,24-Aug-2026 09:00 AM,05-Oct-2026 05:30 PM,06-Oct-2026 05:30 PM,,,1 24-Aug-2026 09:00 AM 05-Oct-2026 05:30 PM 06-Oct-2026 05:30 PM [Indore Mandav Route ] [AICTSL/2026/MPE-Tender/NIT NO. 113][2026_AICTS_531642_1] Atal Indore City Transport Services Ltd - Indore
155,Madhya Pradesh Yatri Parivahan and Infrastructure Ltd.,3,3,MATCH,2026_AICTS_531648_1,Indore Sendhwa Route,AICTSL/2026/MPE-Tender/NIT NO. 118,24-Aug-2026 09:00 AM,05-Oct-2026 05:30 PM,06-Oct-2026 05:30 PM,,,2 24-Aug-2026 09:00 AM 05-Oct-2026 05:30 PM 06-Oct-2026 05:30 PM [Indore Sendhwa Route ] [AICTSL/2026/MPE-Tender/NIT NO. 118][2026_AICTS_531648_1] Atal Indore City Transport Services Ltd - Indore
156,Madhya Pradesh Yatri Parivahan and Infrastructure Ltd.,3,3,MATCH,2026_AICTS_530313_1,Construction of Bus Q Shelters,AICTSL/2026/MPE-Tender/NIT NO. 112,18-Aug-2026 11:00 AM,07-Oct-2026 05:30 PM,08-Oct-2026 05:30 PM,,,3 18-Aug-2026 11:00 AM 07-Oct-2026 05:30 PM 08-Oct-2026 05:30 PM [Construction of Bus Q Shelters ] [AICTSL/2026/MPE-Tender/NIT NO. 112][2026_AICTS_530313_1] Atal Indore City Transport Services Ltd - Indore
157,Minor Forest Produce Processing and Research Center,3,3,MATCH,2026_AICTS_531642_1,Indore Mandav Route,AICTSL/2026/MPE-Tender/NIT NO. 113,24-Aug-2026 09:00 AM,05-Oct-2026 05:30 PM,06-Oct-2026 05:30 PM,,,1 24-Aug-2026 09:00 AM 05-Oct-2026 05:30 PM 06-Oct-2026 05:30 PM [Indore Mandav Route ] [AICTSL/2026/MPE-Tender/NIT NO. 113][2026_AICTS_531642_1] Atal Indore City Transport Services Ltd - Indore
158,Minor Forest Produce Processing and Research Center,3,3,MATCH,2026_AICTS_531648_1,Indore Sendhwa Route,AICTSL/2026/MPE-Tender/NIT NO. 118,24-Aug-2026 09:00 AM,05-Oct-2026 05:30 PM,06-Oct-2026 05:30 PM,,,2 24-Aug-2026 09:00 AM 05-Oct-2026 05:30 PM 06-Oct-2026 05:30 PM [Indore Sendhwa Route ] [AICTSL/2026/MPE-Tender/NIT NO. 118][2026_AICTS_531648_1] Atal Indore City Transport Services Ltd - Indore
159,Minor Forest Produce Processing and Research Center,3,3,MATCH,2026_AICTS_530313_1,Construction of Bus Q Shelters,AICTSL/2026/MPE-Tender/NIT NO. 112,18-Aug-2026 11:00 AM,07-Oct-2026 05:30 PM,08-Oct-2026 05:30 PM,,,3 18-Aug-2026 11:00 AM 07-Oct-2026 05:30 PM 08-Oct-2026 05:30 PM [Construction of Bus Q Shelters ] [AICTSL/2026/MPE-Tender/NIT NO. 112][2026_AICTS_530313_1] Atal Indore City Transport Services Ltd - Indore
160,M.P. Building Development Corporation Ltd. Bhopal,3,3,MATCH,2026_AICTS_531642_1,Indore Mandav Route,AICTSL/2026/MPE-Tender/NIT NO. 113,24-Aug-2026 09:00 AM,05-Oct-2026 05:30 PM,06-Oct-2026 05:30 PM,,,1 24-Aug-2026 09:00 AM 05-Oct-2026 05:30 PM 06-Oct-2026 05:30 PM [Indore Mandav Route ] [AICTSL/2026/MPE-Tender/NIT NO. 113][2026_AICTS_531642_1] Atal Indore City Transport Services Ltd - Indore
161,M.P. Building Development Corporation Ltd. Bhopal,3,3,MATCH,2026_AICTS_531648_1,Indore Sendhwa Route,AICTSL/2026/MPE-Tender/NIT NO. 118,24-Aug-2026 09:00 AM,05-Oct-2026 05:30 PM,06-Oct-2026 05:30 PM,,,2 24-Aug-2026 09:00 AM 05-Oct-2026 05:30 PM 06-Oct-2026 05:30 PM [Indore Sendhwa Route ] [AICTSL/2026/MPE-Tender/NIT NO. 118][2026_AICTS_531648_1] Atal Indore City Transport Services Ltd - Indore
162,M.P. Building Development Corporation Ltd. Bhopal,3,3,MATCH,2026_AICTS_530313_1,Construction of Bus Q Shelters,AICTSL/2026/MPE-Tender/NIT NO. 112,18-Aug-2026 11:00 AM,07-Oct-2026 05:30 PM,08-Oct-2026 05:30 PM,,,3 18-Aug-2026 11:00 AM 07-Oct-2026 05:30 PM 08-Oct-2026 05:30 PM [Construction of Bus Q Shelters ] [AICTSL/2026/MPE-Tender/NIT NO. 112][2026_AICTS_530313_1] Atal Indore City Transport Services Ltd - Indore
163,MP Forest Department,3,3,MATCH,2026_AICTS_531642_1,Indore Mandav Route,AICTSL/2026/MPE-Tender/NIT NO. 113,24-Aug-2026 09:00 AM,05-Oct-2026 05:30 PM,06-Oct-2026 05:30 PM,,,1 24-Aug-2026 09:00 AM 05-Oct-2026 05:30 PM 06-Oct-2026 05:30 PM [Indore Mandav Route ] [AICTSL/2026/MPE-Tender/NIT NO. 113][2026_AICTS_531642_1] Atal Indore City Transport Services Ltd - Indore
164,MP Forest Department,3,3,MATCH,2026_AICTS_531648_1,Indore Sendhwa Route,AICTSL/2026/MPE-Tender/NIT NO. 118,24-Aug-2026 09:00 AM,05-Oct-2026 05:30 PM,06-Oct-2026 05:30 PM,,,2 24-Aug-2026 09:00 AM 05-Oct-2026 05:30 PM 06-Oct-2026 05:30 PM [Indore Sendhwa Route ] [AICTSL/2026/MPE-Tender/NIT NO. 118][2026_AICTS_531648_1] Atal Indore City Transport Services Ltd - Indore
165,MP Forest Department,3,3,MATCH,2026_AICTS_530313_1,Construction of Bus Q Shelters,AICTSL/2026/MPE-Tender/NIT NO. 112,18-Aug-2026 11:00 AM,07-Oct-2026 05:30 PM,08-Oct-2026 05:30 PM,,,3 18-Aug-2026 11:00 AM 07-Oct-2026 05:30 PM 08-Oct-2026 05:30 PM [Construction of Bus Q Shelters ] [AICTSL/2026/MPE-Tender/NIT NO. 112][2026_AICTS_530313_1] Atal Indore City Transport Services Ltd - Indore
166,M.P. Hindi Granth Academy - MPHGA,3,3,MATCH,2026_AICTS_531642_1,Indore Mandav Route,AICTSL/2026/MPE-Tender/NIT NO. 113,24-Aug-2026 09:00 AM,05-Oct-2026 05:30 PM,06-Oct-2026 05:30 PM,,,1 24-Aug-2026 09:00 AM 05-Oct-2026 05:30 PM 06-Oct-2026 05:30 PM [Indore Mandav Route ] [AICTSL/2026/MPE-Tender/NIT NO. 113][2026_AICTS_531642_1] Atal Indore City Transport Services Ltd - Indore
167,M.P. Hindi Granth Academy - MPHGA,3,3,MATCH,2026_AICTS_531648_1,Indore Sendhwa Route,AICTSL/2026/MPE-Tender/NIT NO. 118,24-Aug-2026 09:00 AM,05-Oct-2026 05:30 PM,06-Oct-2026 05:30 PM,,,2 24-Aug-2026 09:00 AM 05-Oct-2026 05:30 PM 06-Oct-2026 05:30 PM [Indore Sendhwa Route ] [AICTSL/2026/MPE-Tender/NIT NO. 118][2026_AICTS_531648_1] Atal Indore City Transport Services Ltd - Indore
168,M.P. Hindi Granth Academy - MPHGA,3,3,MATCH,2026_AICTS_530313_1,Construction of Bus Q Shelters,AICTSL/2026/MPE-Tender/NIT NO. 112,18-Aug-2026 11:00 AM,07-Oct-2026 05:30 PM,08-Oct-2026 05:30 PM,,,3 18-Aug-2026 11:00 AM 07-Oct-2026 05:30 PM 08-Oct-2026 05:30 PM [Construction of Bus Q Shelters ] [AICTSL/2026/MPE-Tender/NIT NO. 112][2026_AICTS_530313_1] Atal Indore City Transport Services Ltd - Indore
169,MP Housing and Infrastructure Development Board,3,3,MATCH,2026_AICTS_531642_1,Indore Mandav Route,AICTSL/2026/MPE-Tender/NIT NO. 113,24-Aug-2026 09:00 AM,05-Oct-2026 05:30 PM,06-Oct-2026 05:30 PM,,,1 24-Aug-2026 09:00 AM 05-Oct-2026 05:30 PM 06-Oct-2026 05:30 PM [Indore Mandav Route ] [AICTSL/2026/MPE-Tender/NIT NO. 113][2026_AICTS_531642_1] Atal Indore City Transport Services Ltd - Indore
170,MP Housing and Infrastructure Development Board,3,3,MATCH,2026_AICTS_531648_1,Indore Sendhwa Route,AICTSL/2026/MPE-Tender/NIT NO. 118,24-Aug-2026 09:00 AM,05-Oct-2026 05:30 PM,06-Oct-2026 05:30 PM,,,2 24-Aug-2026 09:00 AM 05-Oct-2026 05:30 PM 06-Oct-2026 05:30 PM [Indore Sendhwa Route ] [AICTSL/2026/MPE-Tender/NIT NO. 118][2026_AICTS_531648_1] Atal Indore City Transport Services Ltd - Indore
171,MP Housing and Infrastructure Development Board,3,3,MATCH,2026_AICTS_530313_1,Construction of Bus Q Shelters,AICTSL/2026/MPE-Tender/NIT NO. 112,18-Aug-2026 11:00 AM,07-Oct-2026 05:30 PM,08-Oct-2026 05:30 PM,,,3 18-Aug-2026 11:00 AM 07-Oct-2026 05:30 PM 08-Oct-2026 05:30 PM [Construction of Bus Q Shelters ] [AICTSL/2026/MPE-Tender/NIT NO. 112][2026_AICTS_530313_1] Atal Indore City Transport Services Ltd - Indore
172,MP Industrial Development Corporation Limited,3,3,MATCH,2026_AICTS_531642_1,Indore Mandav Route,AICTSL/2026/MPE-Tender/NIT NO. 113,24-Aug-2026 09:00 AM,05-Oct-2026 05:30 PM,06-Oct-2026 05:30 PM,,,1 24-Aug-2026 09:00 AM 05-Oct-2026 05:30 PM 06-Oct-2026 05:30 PM [Indore Mandav Route ] [AICTSL/2026/MPE-Tender/NIT NO. 113][2026_AICTS_531642_1] Atal Indore City Transport Services Ltd - Indore
173,MP Industrial Development Corporation Limited,3,3,MATCH,2026_AICTS_531648_1,Indore Sendhwa Route,AICTSL/2026/MPE-Tender/NIT NO. 118,24-Aug-2026 09:00 AM,05-Oct-2026 05:30 PM,06-Oct-2026 05:30 PM,,,2 24-Aug-2026 09:00 AM 05-Oct-2026 05:30 PM 06-Oct-2026 05:30 PM [Indore Sendhwa Route ] [AICTSL/2026/MPE-Tender/NIT NO. 118][2026_AICTS_531648_1] Atal Indore City Transport Services Ltd - Indore
174,MP Industrial Development Corporation Limited,3,3,MATCH,2026_AICTS_530313_1,Construction of Bus Q Shelters,AICTSL/2026/MPE-Tender/NIT NO. 112,18-Aug-2026 11:00 AM,07-Oct-2026 05:30 PM,08-Oct-2026 05:30 PM,,,3 18-Aug-2026 11:00 AM 07-Oct-2026 05:30 PM 08-Oct-2026 05:30 PM [Construction of Bus Q Shelters ] [AICTSL/2026/MPE-Tender/NIT NO. 112][2026_AICTS_530313_1] Atal Indore City Transport Services Ltd - Indore
175,MP Laghu Udyog Nigam Ltd,3,3,MATCH,2026_AICTS_531642_1,Indore Mandav Route,AICTSL/2026/MPE-Tender/NIT NO. 113,24-Aug-2026 09:00 AM,05-Oct-2026 05:30 PM,06-Oct-2026 05:30 PM,,,1 24-Aug-2026 09:00 AM 05-Oct-2026 05:30 PM 06-Oct-2026 05:30 PM [Indore Mandav Route ] [AICTSL/2026/MPE-Tender/NIT NO. 113][2026_AICTS_531642_1] Atal Indore City Transport Services Ltd - Indore
176,MP Laghu Udyog Nigam Ltd,3,3,MATCH,2026_AICTS_531648_1,Indore Sendhwa Route,AICTSL/2026/MPE-Tender/NIT NO. 118,24-Aug-2026 09:00 AM,05-Oct-2026 05:30 PM,06-Oct-2026 05:30 PM,,,2 24-Aug-2026 09:00 AM 05-Oct-2026 05:30 PM 06-Oct-2026 05:30 PM [Indore Sendhwa Route ] [AICTSL/2026/MPE-Tender/NIT NO. 118][2026_AICTS_531648_1] Atal Indore City Transport Services Ltd - Indore
177,MP Laghu Udyog Nigam Ltd,3,3,MATCH,2026_AICTS_530313_1,Construction of Bus Q Shelters,AICTSL/2026/MPE-Tender/NIT NO. 112,18-Aug-2026 11:00 AM,07-Oct-2026 05:30 PM,08-Oct-2026 05:30 PM,,,3 18-Aug-2026 11:00 AM 07-Oct-2026 05:30 PM 08-Oct-2026 05:30 PM [Construction of Bus Q Shelters ] [AICTSL/2026/MPE-Tender/NIT NO. 112][2026_AICTS_530313_1] Atal Indore City Transport Services Ltd - Indore
178,MP Lokayukt Organisation,3,3,MATCH,2026_AICTS_531642_1,Indore Mandav Route,AICTSL/2026/MPE-Tender/NIT NO. 113,24-Aug-2026 09:00 AM,05-Oct-2026 05:30 PM,06-Oct-2026 05:30 PM,,,1 24-Aug-2026 09:00 AM 05-Oct-2026 05:30 PM 06-Oct-2026 05:30 PM [Indore Mandav Route ] [AICTSL/2026/MPE-Tender/NIT NO. 113][2026_AICTS_531642_1] Atal Indore City Transport Services Ltd - Indore
179,MP Lokayukt Organisation,3,3,MATCH,2026_AICTS_531648_1,Indore Sendhwa Route,AICTSL/2026/MPE-Tender/NIT NO. 118,24-Aug-2026 09:00 AM,05-Oct-2026 05:30 PM,06-Oct-2026 05:30 PM,,,2 24-Aug-2026 09:00 AM 05-Oct-2026 05:30 PM 06-Oct-2026 05:30 PM [Indore Sendhwa Route ] [AICTSL/2026/MPE-Tender/NIT NO. 118][2026_AICTS_531648_1] Atal Indore City Transport Services Ltd - Indore
180,MP Lokayukt Organisation,3,3,MATCH,2026_AICTS_530313_1,Construction of Bus Q Shelters,AICTSL/2026/MPE-Tender/NIT NO. 112,18-Aug-2026 11:00 AM,07-Oct-2026 05:30 PM,08-Oct-2026 05:30 PM,,,3 18-Aug-2026 11:00 AM 07-Oct-2026 05:30 PM 08-Oct-2026 05:30 PM [Construction of Bus Q Shelters ] [AICTSL/2026/MPE-Tender/NIT NO. 112][2026_AICTS_530313_1] Atal Indore City Transport Services Ltd - Indore
181,MP Police,3,3,MATCH,2026_AICTS_531642_1,Indore Mandav Route,AICTSL/2026/MPE-Tender/NIT NO. 113,24-Aug-2026 09:00 AM,05-Oct-2026 05:30 PM,06-Oct-2026 05:30 PM,,,1 24-Aug-2026 09:00 AM 05-Oct-2026 05:30 PM 06-Oct-2026 05:30 PM [Indore Mandav Route ] [AICTSL/2026/MPE-Tender/NIT NO. 113][2026_AICTS_531642_1] Atal Indore City Transport Services Ltd - Indore
182,MP Police,3,3,MATCH,2026_AICTS_531648_1,Indore Sendhwa Route,AICTSL/2026/MPE-Tender/NIT NO. 118,24-Aug-2026 09:00 AM,05-Oct-2026 05:30 PM,06-Oct-2026 05:30 PM,,,2 24-Aug-2026 09:00 AM 05-Oct-2026 05:30 PM 06-Oct-2026 05:30 PM [Indore Sendhwa Route ] [AICTSL/2026/MPE-Tender/NIT NO. 118][2026_AICTS_531648_1] Atal Indore City Transport Services Ltd - Indore
183,MP Police,3,3,MATCH,2026_AICTS_530313_1,Construction of Bus Q Shelters,AICTSL/2026/MPE-Tender/NIT NO. 112,18-Aug-2026 11:00 AM,07-Oct-2026 05:30 PM,08-Oct-2026 05:30 PM,,,3 18-Aug-2026 11:00 AM 07-Oct-2026 05:30 PM 08-Oct-2026 05:30 PM [Construction of Bus Q Shelters ] [AICTSL/2026/MPE-Tender/NIT NO. 112][2026_AICTS_530313_1] Atal Indore City Transport Services Ltd - Indore
184,MP Police Housing and Infrastructure Development Corporation Ltd,3,3,MATCH,2026_AICTS_531642_1,Indore Mandav Route,AICTSL/2026/MPE-Tender/NIT NO. 113,24-Aug-2026 09:00 AM,05-Oct-2026 05:30 PM,06-Oct-2026 05:30 PM,,,1 24-Aug-2026 09:00 AM 05-Oct-2026 05:30 PM 06-Oct-2026 05:30 PM [Indore Mandav Route ] [AICTSL/2026/MPE-Tender/NIT NO. 113][2026_AICTS_531642_1] Atal Indore City Transport Services Ltd - Indore
185,MP Police Housing and Infrastructure Development Corporation Ltd,3,3,MATCH,2026_AICTS_531648_1,Indore Sendhwa Route,AICTSL/2026/MPE-Tender/NIT NO. 118,24-Aug-2026 09:00 AM,05-Oct-2026 05:30 PM,06-Oct-2026 05:30 PM,,,2 24-Aug-2026 09:00 AM 05-Oct-2026 05:30 PM 06-Oct-2026 05:30 PM [Indore Sendhwa Route ] [AICTSL/2026/MPE-Tender/NIT NO. 118][2026_AICTS_531648_1] Atal Indore City Transport Services Ltd - Indore
186,MP Police Housing and Infrastructure Development Corporation Ltd,3,3,MATCH,2026_AICTS_530313_1,Construction of Bus Q Shelters,AICTSL/2026/MPE-Tender/NIT NO. 112,18-Aug-2026 11:00 AM,07-Oct-2026 05:30 PM,08-Oct-2026 05:30 PM,,,3 18-Aug-2026 11:00 AM 07-Oct-2026 05:30 PM 08-Oct-2026 05:30 PM [Construction of Bus Q Shelters ] [AICTSL/2026/MPE-Tender/NIT NO. 112][2026_AICTS_530313_1] Atal Indore City Transport Services Ltd - Indore
187,MP Power Transmission Co. Ltd.,3,3,MATCH,2026_AICTS_531642_1,Indore Mandav Route,AICTSL/2026/MPE-Tender/NIT NO. 113,24-Aug-2026 09:00 AM,05-Oct-2026 05:30 PM,06-Oct-2026 05:30 PM,,,1 24-Aug-2026 09:00 AM 05-Oct-2026 05:30 PM 06-Oct-2026 05:30 PM [Indore Mandav Route ] [AICTSL/2026/MPE-Tender/NIT NO. 113][2026_AICTS_531642_1] Atal Indore City Transport Services Ltd - Indore
188,MP Power Transmission Co. Ltd.,3,3,MATCH,2026_AICTS_531648_1,Indore Sendhwa Route,AICTSL/2026/MPE-Tender/NIT NO. 118,24-Aug-2026 09:00 AM,05-Oct-2026 05:30 PM,06-Oct-2026 05:30 PM,,,2 24-Aug-2026 09:00 AM 05-Oct-2026 05:30 PM 06-Oct-2026 05:30 PM [Indore Sendhwa Route ] [AICTSL/2026/MPE-Tender/NIT NO. 118][2026_AICTS_531648_1] Atal Indore City Transport Services Ltd - Indore
189,MP Power Transmission Co. Ltd.,3,3,MATCH,2026_AICTS_530313_1,Construction of Bus Q Shelters,AICTSL/2026/MPE-Tender/NIT NO. 112,18-Aug-2026 11:00 AM,07-Oct-2026 05:30 PM,08-Oct-2026 05:30 PM,,,3 18-Aug-2026 11:00 AM 07-Oct-2026 05:30 PM 08-Oct-2026 05:30 PM [Construction of Bus Q Shelters ] [AICTSL/2026/MPE-Tender/NIT NO. 112][2026_AICTS_530313_1] Atal Indore City Transport Services Ltd - Indore
190,MP State Agricultural Marketing Board,3,3,MATCH,2026_AICTS_531642_1,Indore Mandav Route,AICTSL/2026/MPE-Tender/NIT NO. 113,24-Aug-2026 09:00 AM,05-Oct-2026 05:30 PM,06-Oct-2026 05:30 PM,,,1 24-Aug-2026 09:00 AM 05-Oct-2026 05:30 PM 06-Oct-2026 05:30 PM [Indore Mandav Route ] [AICTSL/2026/MPE-Tender/NIT NO. 113][2026_AICTS_531642_1] Atal Indore City Transport Services Ltd - Indore
191,MP State Agricultural Marketing Board,3,3,MATCH,2026_AICTS_531648_1,Indore Sendhwa Route,AICTSL/2026/MPE-Tender/NIT NO. 118,24-Aug-2026 09:00 AM,05-Oct-2026 05:30 PM,06-Oct-2026 05:30 PM,,,2 24-Aug-2026 09:00 AM 05-Oct-2026 05:30 PM 06-Oct-2026 05:30 PM [Indore Sendhwa Route ] [AICTSL/2026/MPE-Tender/NIT NO. 118][2026_AICTS_531648_1] Atal Indore City Transport Services Ltd - Indore
192,MP State Agricultural Marketing Board,3,3,MATCH,2026_AICTS_530313_1,Construction of Bus Q Shelters,AICTSL/2026/MPE-Tender/NIT NO. 112,18-Aug-2026 11:00 AM,07-Oct-2026 05:30 PM,08-Oct-2026 05:30 PM,,,3 18-Aug-2026 11:00 AM 07-Oct-2026 05:30 PM 08-Oct-2026 05:30 PM [Construction of Bus Q Shelters ] [AICTSL/2026/MPE-Tender/NIT NO. 112][2026_AICTS_530313_1] Atal Indore City Transport Services Ltd - Indore
193,MP State Civil Supplies Corporation Limited,3,3,MATCH,2026_AICTS_531642_1,Indore Mandav Route,AICTSL/2026/MPE-Tender/NIT NO. 113,24-Aug-2026 09:00 AM,05-Oct-2026 05:30 PM,06-Oct-2026 05:30 PM,,,1 24-Aug-2026 09:00 AM 05-Oct-2026 05:30 PM 06-Oct-2026 05:30 PM [Indore Mandav Route ] [AICTSL/2026/MPE-Tender/NIT NO. 113][2026_AICTS_531642_1] Atal Indore City Transport Services Ltd - Indore
194,MP State Civil Supplies Corporation Limited,3,3,MATCH,2026_AICTS_531648_1,Indore Sendhwa Route,AICTSL/2026/MPE-Tender/NIT NO. 118,24-Aug-2026 09:00 AM,05-Oct-2026 05:30 PM,06-Oct-2026 05:30 PM,,,2 24-Aug-2026 09:00 AM 05-Oct-2026 05:30 PM 06-Oct-2026 05:30 PM [Indore Sendhwa Route ] [AICTSL/2026/MPE-Tender/NIT NO. 118][2026_AICTS_531648_1] Atal Indore City Transport Services Ltd - Indore
195,MP State Civil Supplies Corporation Limited,3,3,MATCH,2026_AICTS_530313_1,Construction of Bus Q Shelters,AICTSL/2026/MPE-Tender/NIT NO. 112,18-Aug-2026 11:00 AM,07-Oct-2026 05:30 PM,08-Oct-2026 05:30 PM,,,3 18-Aug-2026 11:00 AM 07-Oct-2026 05:30 PM 08-Oct-2026 05:30 PM [Construction of Bus Q Shelters ] [AICTSL/2026/MPE-Tender/NIT NO. 112][2026_AICTS_530313_1] Atal Indore City Transport Services Ltd - Indore
196,MP State Cooperative Dairy Federation,3,3,MATCH,2026_AICTS_531642_1,Indore Mandav Route,AICTSL/2026/MPE-Tender/NIT NO. 113,24-Aug-2026 09:00 AM,05-Oct-2026 05:30 PM,06-Oct-2026 05:30 PM,,,1 24-Aug-2026 09:00 AM 05-Oct-2026 05:30 PM 06-Oct-2026 05:30 PM [Indore Mandav Route ] [AICTSL/2026/MPE-Tender/NIT NO. 113][2026_AICTS_531642_1] Atal Indore City Transport Services Ltd - Indore
197,MP State Cooperative Dairy Federation,3,3,MATCH,2026_AICTS_531648_1,Indore Sendhwa Route,AICTSL/2026/MPE-Tender/NIT NO. 118,24-Aug-2026 09:00 AM,05-Oct-2026 05:30 PM,06-Oct-2026 05:30 PM,,,2 24-Aug-2026 09:00 AM 05-Oct-2026 05:30 PM 06-Oct-2026 05:30 PM [Indore Sendhwa Route ] [AICTSL/2026/MPE-Tender/NIT NO. 118][2026_AICTS_531648_1] Atal Indore City Transport Services Ltd - Indore
198,MP State Cooperative Dairy Federation,3,3,MATCH,2026_AICTS_530313_1,Construction of Bus Q Shelters,AICTSL/2026/MPE-Tender/NIT NO. 112,18-Aug-2026 11:00 AM,07-Oct-2026 05:30 PM,08-Oct-2026 05:30 PM,,,3 18-Aug-2026 11:00 AM 07-Oct-2026 05:30 PM 08-Oct-2026 05:30 PM [Construction of Bus Q Shelters ] [AICTSL/2026/MPE-Tender/NIT NO. 112][2026_AICTS_530313_1] Atal Indore City Transport Services Ltd - Indore
199,M. P. State Cooperative Union Ltd.- Bhopal,3,3,MATCH,2026_AICTS_531642_1,Indore Mandav Route,AICTSL/2026/MPE-Tender/NIT NO. 113,24-Aug-2026 09:00 AM,05-Oct-2026 05:30 PM,06-Oct-2026 05:30 PM,,,1 24-Aug-2026 09:00 AM 05-Oct-2026 05:30 PM 06-Oct-2026 05:30 PM [Indore Mandav Route ] [AICTSL/2026/MPE-Tender/NIT NO. 113][2026_AICTS_531642_1] Atal Indore City Transport Services Ltd - Indore
200,M. P. State Cooperative Union Ltd.- Bhopal,3,3,MATCH,2026_AICTS_531648_1,Indore Sendhwa Route,AICTSL/2026/MPE-Tender/NIT NO. 118,24-Aug-2026 09:00 AM,05-Oct-2026 05:30 PM,06-Oct-2026 05:30 PM,,,2 24-Aug-2026 09:00 AM 05-Oct-2026 05:30 PM 06-Oct-2026 05:30 PM [Indore Sendhwa Route ] [AICTSL/2026/MPE-Tender/NIT NO. 118][2026_AICTS_531648_1] Atal Indore City Transport Services Ltd - Indore
201,M. P. State Cooperative Union Ltd.- Bhopal,3,3,MATCH,2026_AICTS_530313_1,Construction of Bus Q Shelters,AICTSL/2026/MPE-Tender/NIT NO. 112,18-Aug-2026 11:00 AM,07-Oct-2026 05:30 PM,08-Oct-2026 05:30 PM,,,3 18-Aug-2026 11:00 AM 07-Oct-2026 05:30 PM 08-Oct-2026 05:30 PM [Construction of Bus Q Shelters ] [AICTSL/2026/MPE-Tender/NIT NO. 112][2026_AICTS_530313_1] Atal Indore City Transport Services Ltd - Indore
202,MP State Coperative Marketing Federation Ltd.,3,3,MATCH,2026_AICTS_531642_1,Indore Mandav Route,AICTSL/2026/MPE-Tender/NIT NO. 113,24-Aug-2026 09:00 AM,05-Oct-2026 05:30 PM,06-Oct-2026 05:30 PM,,,1 24-Aug-2026 09:00 AM 05-Oct-2026 05:30 PM 06-Oct-2026 05:30 PM [Indore Mandav Route ] [AICTSL/2026/MPE-Tender/NIT NO. 113][2026_AICTS_531642_1] Atal Indore City Transport Services Ltd - Indore
203,MP State Coperative Marketing Federation Ltd.,3,3,MATCH,2026_AICTS_531648_1,Indore Sendhwa Route,AICTSL/2026/MPE-Tender/NIT NO. 118,24-Aug-2026 09:00 AM,05-Oct-2026 05:30 PM,06-Oct-2026 05:30 PM,,,2 24-Aug-2026 09:00 AM 05-Oct-2026 05:30 PM 06-Oct-2026 05:30 PM [Indore Sendhwa Route ] [AICTSL/2026/MPE-Tender/NIT NO. 118][2026_AICTS_531648_1] Atal Indore City Transport Services Ltd - Indore
204,MP State Coperative Marketing Federation Ltd.,3,3,MATCH,2026_AICTS_530313_1,Construction of Bus Q Shelters,AICTSL/2026/MPE-Tender/NIT NO. 112,18-Aug-2026 11:00 AM,07-Oct-2026 05:30 PM,08-Oct-2026 05:30 PM,,,3 18-Aug-2026 11:00 AM 07-Oct-2026 05:30 PM 08-Oct-2026 05:30 PM [Construction of Bus Q Shelters ] [AICTSL/2026/MPE-Tender/NIT NO. 112][2026_AICTS_530313_1] Atal Indore City Transport Services Ltd - Indore
205,MP State Livestock and Poultry Development Corporation,3,3,MATCH,2026_AICTS_531642_1,Indore Mandav Route,AICTSL/2026/MPE-Tender/NIT NO. 113,24-Aug-2026 09:00 AM,05-Oct-2026 05:30 PM,06-Oct-2026 05:30 PM,,,1 24-Aug-2026 09:00 AM 05-Oct-2026 05:30 PM 06-Oct-2026 05:30 PM [Indore Mandav Route ] [AICTSL/2026/MPE-Tender/NIT NO. 113][2026_AICTS_531642_1] Atal Indore City Transport Services Ltd - Indore
206,MP State Livestock and Poultry Development Corporation,3,3,MATCH,2026_AICTS_531648_1,Indore Sendhwa Route,AICTSL/2026/MPE-Tender/NIT NO. 118,24-Aug-2026 09:00 AM,05-Oct-2026 05:30 PM,06-Oct-2026 05:30 PM,,,2 24-Aug-2026 09:00 AM 05-Oct-2026 05:30 PM 06-Oct-2026 05:30 PM [Indore Sendhwa Route ] [AICTSL/2026/MPE-Tender/NIT NO. 118][2026_AICTS_531648_1] Atal Indore City Transport Services Ltd - Indore
207,MP State Livestock and Poultry Development Corporation,3,3,MATCH,2026_AICTS_530313_1,Construction of Bus Q Shelters,AICTSL/2026/MPE-Tender/NIT NO. 112,18-Aug-2026 11:00 AM,07-Oct-2026 05:30 PM,08-Oct-2026 05:30 PM,,,3 18-Aug-2026 11:00 AM 07-Oct-2026 05:30 PM 08-Oct-2026 05:30 PM [Construction of Bus Q Shelters ] [AICTSL/2026/MPE-Tender/NIT NO. 112][2026_AICTS_530313_1] Atal Indore City Transport Services Ltd - Indore
208,M.P.State Minor Forest Produce Cooperative Federation Limited,3,3,MATCH,2026_AICTS_531642_1,Indore Mandav Route,AICTSL/2026/MPE-Tender/NIT NO. 113,24-Aug-2026 09:00 AM,05-Oct-2026 05:30 PM,06-Oct-2026 05:30 PM,,,1 24-Aug-2026 09:00 AM 05-Oct-2026 05:30 PM 06-Oct-2026 05:30 PM [Indore Mandav Route ] [AICTSL/2026/MPE-Tender/NIT NO. 113][2026_AICTS_531642_1] Atal Indore City Transport Services Ltd - Indore
209,M.P.State Minor Forest Produce Cooperative Federation Limited,3,3,MATCH,2026_AICTS_531648_1,Indore Sendhwa Route,AICTSL/2026/MPE-Tender/NIT NO. 118,24-Aug-2026 09:00 AM,05-Oct-2026 05:30 PM,06-Oct-2026 05:30 PM,,,2 24-Aug-2026 09:00 AM 05-Oct-2026 05:30 PM 06-Oct-2026 05:30 PM [Indore Sendhwa Route ] [AICTSL/2026/MPE-Tender/NIT NO. 118][2026_AICTS_531648_1] Atal Indore City Transport Services Ltd - Indore
210,M.P.State Minor Forest Produce Cooperative Federation Limited,3,3,MATCH,2026_AICTS_530313_1,Construction of Bus Q Shelters,AICTSL/2026/MPE-Tender/NIT NO. 112,18-Aug-2026 11:00 AM,07-Oct-2026 05:30 PM,08-Oct-2026 05:30 PM,,,3 18-Aug-2026 11:00 AM 07-Oct-2026 05:30 PM 08-Oct-2026 05:30 PM [Construction of Bus Q Shelters ] [AICTSL/2026/MPE-Tender/NIT NO. 112][2026_AICTS_530313_1] Atal Indore City Transport Services Ltd - Indore
211,M.P. State Open School Education Board,3,3,MATCH,2026_AICTS_531642_1,Indore Mandav Route,AICTSL/2026/MPE-Tender/NIT NO. 113,24-Aug-2026 09:00 AM,05-Oct-2026 05:30 PM,06-Oct-2026 05:30 PM,,,1 24-Aug-2026 09:00 AM 05-Oct-2026 05:30 PM 06-Oct-2026 05:30 PM [Indore Mandav Route ] [AICTSL/2026/MPE-Tender/NIT NO. 113][2026_AICTS_531642_1] Atal Indore City Transport Services Ltd - Indore
212,M.P. State Open School Education Board,3,3,MATCH,2026_AICTS_531648_1,Indore Sendhwa Route,AICTSL/2026/MPE-Tender/NIT NO. 118,24-Aug-2026 09:00 AM,05-Oct-2026 05:30 PM,06-Oct-2026 05:30 PM,,,2 24-Aug-2026 09:00 AM 05-Oct-2026 05:30 PM 06-Oct-2026 05:30 PM [Indore Sendhwa Route ] [AICTSL/2026/MPE-Tender/NIT NO. 118][2026_AICTS_531648_1] Atal Indore City Transport Services Ltd - Indore
213,M.P. State Open School Education Board,3,3,MATCH,2026_AICTS_530313_1,Construction of Bus Q Shelters,AICTSL/2026/MPE-Tender/NIT NO. 112,18-Aug-2026 11:00 AM,07-Oct-2026 05:30 PM,08-Oct-2026 05:30 PM,,,3 18-Aug-2026 11:00 AM 07-Oct-2026 05:30 PM 08-Oct-2026 05:30 PM [Construction of Bus Q Shelters ] [AICTSL/2026/MPE-Tender/NIT NO. 112][2026_AICTS_530313_1] Atal Indore City Transport Services Ltd - Indore
214,MP State Tourism Development Corporation Ltd.,3,3,MATCH,2026_AICTS_531642_1,Indore Mandav Route,AICTSL/2026/MPE-Tender/NIT NO. 113,24-Aug-2026 09:00 AM,05-Oct-2026 05:30 PM,06-Oct-2026 05:30 PM,,,1 24-Aug-2026 09:00 AM 05-Oct-2026 05:30 PM 06-Oct-2026 05:30 PM [Indore Mandav Route ] [AICTSL/2026/MPE-Tender/NIT NO. 113][2026_AICTS_531642_1] Atal Indore City Transport Services Ltd - Indore
215,MP State Tourism Development Corporation Ltd.,3,3,MATCH,2026_AICTS_531648_1,Indore Sendhwa Route,AICTSL/2026/MPE-Tender/NIT NO. 118,24-Aug-2026 09:00 AM,05-Oct-2026 05:30 PM,06-Oct-2026 05:30 PM,,,2 24-Aug-2026 09:00 AM 05-Oct-2026 05:30 PM 06-Oct-2026 05:30 PM [Indore Sendhwa Route ] [AICTSL/2026/MPE-Tender/NIT NO. 118][2026_AICTS_531648_1] Atal Indore City Transport Services Ltd - Indore
216,MP State Tourism Development Corporation Ltd.,3,3,MATCH,2026_AICTS_530313_1,Construction of Bus Q Shelters,AICTSL/2026/MPE-Tender/NIT NO. 112,18-Aug-2026 11:00 AM,07-Oct-2026 05:30 PM,08-Oct-2026 05:30 PM,,,3 18-Aug-2026 11:00 AM 07-Oct-2026 05:30 PM 08-Oct-2026 05:30 PM [Construction of Bus Q Shelters ] [AICTSL/2026/MPE-Tender/NIT NO. 112][2026_AICTS_530313_1] Atal Indore City Transport Services Ltd - Indore
217,M.P. Textbook Corporation - Bhopal,3,3,MATCH,2026_AICTS_531642_1,Indore Mandav Route,AICTSL/2026/MPE-Tender/NIT NO. 113,24-Aug-2026 09:00 AM,05-Oct-2026 05:30 PM,06-Oct-2026 05:30 PM,,,1 24-Aug-2026 09:00 AM 05-Oct-2026 05:30 PM 06-Oct-2026 05:30 PM [Indore Mandav Route ] [AICTSL/2026/MPE-Tender/NIT NO. 113][2026_AICTS_531642_1] Atal Indore City Transport Services Ltd - Indore
218,M.P. Textbook Corporation - Bhopal,3,3,MATCH,2026_AICTS_531648_1,Indore Sendhwa Route,AICTSL/2026/MPE-Tender/NIT NO. 118,24-Aug-2026 09:00 AM,05-Oct-2026 05:30 PM,06-Oct-2026 05:30 PM,,,2 24-Aug-2026 09:00 AM 05-Oct-2026 05:30 PM 06-Oct-2026 05:30 PM [Indore Sendhwa Route ] [AICTSL/2026/MPE-Tender/NIT NO. 118][2026_AICTS_531648_1] Atal Indore City Transport Services Ltd - Indore
219,M.P. Textbook Corporation - Bhopal,3,3,MATCH,2026_AICTS_530313_1,Construction of Bus Q Shelters,AICTSL/2026/MPE-Tender/NIT NO. 112,18-Aug-2026 11:00 AM,07-Oct-2026 05:30 PM,08-Oct-2026 05:30 PM,,,3 18-Aug-2026 11:00 AM 07-Oct-2026 05:30 PM 08-Oct-2026 05:30 PM [Construction of Bus Q Shelters ] [AICTSL/2026/MPE-Tender/NIT NO. 112][2026_AICTS_530313_1] Atal Indore City Transport Services Ltd - Indore
220,M.P. Tourism Board,3,3,MATCH,2026_AICTS_531642_1,Indore Mandav Route,AICTSL/2026/MPE-Tender/NIT NO. 113,24-Aug-2026 09:00 AM,05-Oct-2026 05:30 PM,06-Oct-2026 05:30 PM,,,1 24-Aug-2026 09:00 AM 05-Oct-2026 05:30 PM 06-Oct-2026 05:30 PM [Indore Mandav Route ] [AICTSL/2026/MPE-Tender/NIT NO. 113][2026_AICTS_531642_1] Atal Indore City Transport Services Ltd - Indore
221,M.P. Tourism Board,3,3,MATCH,2026_AICTS_531648_1,Indore Sendhwa Route,AICTSL/2026/MPE-Tender/NIT NO. 118,24-Aug-2026 09:00 AM,05-Oct-2026 05:30 PM,06-Oct-2026 05:30 PM,,,2 24-Aug-2026 09:00 AM 05-Oct-2026 05:30 PM 06-Oct-2026 05:30 PM [Indore Sendhwa Route ] [AICTSL/2026/MPE-Tender/NIT NO. 118][2026_AICTS_531648_1] Atal Indore City Transport Services Ltd - Indore
222,M.P. Tourism Board,3,3,MATCH,2026_AICTS_530313_1,Construction of Bus Q Shelters,AICTSL/2026/MPE-Tender/NIT NO. 112,18-Aug-2026 11:00 AM,07-Oct-2026 05:30 PM,08-Oct-2026 05:30 PM,,,3 18-Aug-2026 11:00 AM 07-Oct-2026 05:30 PM 08-Oct-2026 05:30 PM [Construction of Bus Q Shelters ] [AICTSL/2026/MPE-Tender/NIT NO. 112][2026_AICTS_530313_1] Atal Indore City Transport Services Ltd - Indore
223,M P Vidhan Sabha,3,3,MATCH,2026_AICTS_531642_1,Indore Mandav Route,AICTSL/2026/MPE-Tender/NIT NO. 113,24-Aug-2026 09:00 AM,05-Oct-2026 05:30 PM,06-Oct-2026 05:30 PM,,,1 24-Aug-2026 09:00 AM 05-Oct-2026 05:30 PM 06-Oct-2026 05:30 PM [Indore Mandav Route ] [AICTSL/2026/MPE-Tender/NIT NO. 113][2026_AICTS_531642_1] Atal Indore City Transport Services Ltd - Indore
224,M P Vidhan Sabha,3,3,MATCH,2026_AICTS_531648_1,Indore Sendhwa Route,AICTSL/2026/MPE-Tender/NIT NO. 118,24-Aug-2026 09:00 AM,05-Oct-2026 05:30 PM,06-Oct-2026 05:30 PM,,,2 24-Aug-2026 09:00 AM 05-Oct-2026 05:30 PM 06-Oct-2026 05:30 PM [Indore Sendhwa Route ] [AICTSL/2026/MPE-Tender/NIT NO. 118][2026_AICTS_531648_1] Atal Indore City Transport Services Ltd - Indore
225,M P Vidhan Sabha,3,3,MATCH,2026_AICTS_530313_1,Construction of Bus Q Shelters,AICTSL/2026/MPE-Tender/NIT NO. 112,18-Aug-2026 11:00 AM,07-Oct-2026 05:30 PM,08-Oct-2026 05:30 PM,,,3 18-Aug-2026 11:00 AM 07-Oct-2026 05:30 PM 08-Oct-2026 05:30 PM [Construction of Bus Q Shelters ] [AICTSL/2026/MPE-Tender/NIT NO. 112][2026_AICTS_530313_1] Atal Indore City Transport Services Ltd - Indore
226,Nanaji Deshmukh Veterinary Science University,3,3,MATCH,2026_AICTS_531642_1,Indore Mandav Route,AICTSL/2026/MPE-Tender/NIT NO. 113,24-Aug-2026 09:00 AM,05-Oct-2026 05:30 PM,06-Oct-2026 05:30 PM,,,1 24-Aug-2026 09:00 AM 05-Oct-2026 05:30 PM 06-Oct-2026 05:30 PM [Indore Mandav Route ] [AICTSL/2026/MPE-Tender/NIT NO. 113][2026_AICTS_531642_1] Atal Indore City Transport Services Ltd - Indore
227,Nanaji Deshmukh Veterinary Science University,3,3,MATCH,2026_AICTS_531648_1,Indore Sendhwa Route,AICTSL/2026/MPE-Tender/NIT NO. 118,24-Aug-2026 09:00 AM,05-Oct-2026 05:30 PM,06-Oct-2026 05:30 PM,,,2 24-Aug-2026 09:00 AM 05-Oct-2026 05:30 PM 06-Oct-2026 05:30 PM [Indore Sendhwa Route ] [AICTSL/2026/MPE-Tender/NIT NO. 118][2026_AICTS_531648_1] Atal Indore City Transport Services Ltd - Indore
228,Nanaji Deshmukh Veterinary Science University,3,3,MATCH,2026_AICTS_530313_1,Construction of Bus Q Shelters,AICTSL/2026/MPE-Tender/NIT NO. 112,18-Aug-2026 11:00 AM,07-Oct-2026 05:30 PM,08-Oct-2026 05:30 PM,,,3 18-Aug-2026 11:00 AM 07-Oct-2026 05:30 PM 08-Oct-2026 05:30 PM [Construction of Bus Q Shelters ] [AICTSL/2026/MPE-Tender/NIT NO. 112][2026_AICTS_530313_1] Atal Indore City Transport Services Ltd - Indore
229,Narmada Valley Development Authority,3,3,MATCH,2026_AICTS_531642_1,Indore Mandav Route,AICTSL/2026/MPE-Tender/NIT NO. 113,24-Aug-2026 09:00 AM,05-Oct-2026 05:30 PM,06-Oct-2026 05:30 PM,,,1 24-Aug-2026 09:00 AM 05-Oct-2026 05:30 PM 06-Oct-2026 05:30 PM [Indore Mandav Route ] [AICTSL/2026/MPE-Tender/NIT NO. 113][2026_AICTS_531642_1] Atal Indore City Transport Services Ltd - Indore
230,Narmada Valley Development Authority,3,3,MATCH,2026_AICTS_531648_1,Indore Sendhwa Route,AICTSL/2026/MPE-Tender/NIT NO. 118,24-Aug-2026 09:00 AM,05-Oct-2026 05:30 PM,06-Oct-2026 05:30 PM,,,2 24-Aug-2026 09:00 AM 05-Oct-2026 05:30 PM 06-Oct-2026 05:30 PM [Indore Sendhwa Route ] [AICTSL/2026/MPE-Tender/NIT NO. 118][2026_AICTS_531648_1] Atal Indore City Transport Services Ltd - Indore
231,Narmada Valley Development Authority,3,3,MATCH,2026_AICTS_530313_1,Construction of Bus Q Shelters,AICTSL/2026/MPE-Tender/NIT NO. 112,18-Aug-2026 11:00 AM,07-Oct-2026 05:30 PM,08-Oct-2026 05:30 PM,,,3 18-Aug-2026 11:00 AM 07-Oct-2026 05:30 PM 08-Oct-2026 05:30 PM [Construction of Bus Q Shelters ] [AICTSL/2026/MPE-Tender/NIT NO. 112][2026_AICTS_530313_1] Atal Indore City Transport Services Ltd - Indore
232,NAVAL SINGH SAHAKARI SHAKKAR KARKHANA MARYADIT-BURHANPUR,3,3,MATCH,2026_AICTS_531642_1,Indore Mandav Route,AICTSL/2026/MPE-Tender/NIT NO. 113,24-Aug-2026 09:00 AM,05-Oct-2026 05:30 PM,06-Oct-2026 05:30 PM,,,1 24-Aug-2026 09:00 AM 05-Oct-2026 05:30 PM 06-Oct-2026 05:30 PM [Indore Mandav Route ] [AICTSL/2026/MPE-Tender/NIT NO. 113][2026_AICTS_531642_1] Atal Indore City Transport Services Ltd - Indore
233,NAVAL SINGH SAHAKARI SHAKKAR KARKHANA MARYADIT-BURHANPUR,3,3,MATCH,2026_AICTS_531648_1,Indore Sendhwa Route,AICTSL/2026/MPE-Tender/NIT NO. 118,24-Aug-2026 09:00 AM,05-Oct-2026 05:30 PM,06-Oct-2026 05:30 PM,,,2 24-Aug-2026 09:00 AM 05-Oct-2026 05:30 PM 06-Oct-2026 05:30 PM [Indore Sendhwa Route ] [AICTSL/2026/MPE-Tender/NIT NO. 118][2026_AICTS_531648_1] Atal Indore City Transport Services Ltd - Indore
234,NAVAL SINGH SAHAKARI SHAKKAR KARKHANA MARYADIT-BURHANPUR,3,3,MATCH,2026_AICTS_530313_1,Construction of Bus Q Shelters,AICTSL/2026/MPE-Tender/NIT NO. 112,18-Aug-2026 11:00 AM,07-Oct-2026 05:30 PM,08-Oct-2026 05:30 PM,,,3 18-Aug-2026 11:00 AM 07-Oct-2026 05:30 PM 08-Oct-2026 05:30 PM [Construction of Bus Q Shelters ] [AICTSL/2026/MPE-Tender/NIT NO. 112][2026_AICTS_530313_1] Atal Indore City Transport Services Ltd - Indore
235,Office of the Labour Commissioner Indore M P,3,3,MATCH,2026_AICTS_531642_1,Indore Mandav Route,AICTSL/2026/MPE-Tender/NIT NO. 113,24-Aug-2026 09:00 AM,05-Oct-2026 05:30 PM,06-Oct-2026 05:30 PM,,,1 24-Aug-2026 09:00 AM 05-Oct-2026 05:30 PM 06-Oct-2026 05:30 PM [Indore Mandav Route ] [AICTSL/2026/MPE-Tender/NIT NO. 113][2026_AICTS_531642_1] Atal Indore City Transport Services Ltd - Indore
236,Office of the Labour Commissioner Indore M P,3,3,MATCH,2026_AICTS_531648_1,Indore Sendhwa Route,AICTSL/2026/MPE-Tender/NIT NO. 118,24-Aug-2026 09:00 AM,05-Oct-2026 05:30 PM,06-Oct-2026 05:30 PM,,,2 24-Aug-2026 09:00 AM 05-Oct-2026 05:30 PM 06-Oct-2026 05:30 PM [Indore Sendhwa Route ] [AICTSL/2026/MPE-Tender/NIT NO. 118][2026_AICTS_531648_1] Atal Indore City Transport Services Ltd - Indore
237,Office of the Labour Commissioner Indore M P,3,3,MATCH,2026_AICTS_530313_1,Construction of Bus Q Shelters,AICTSL/2026/MPE-Tender/NIT NO. 112,18-Aug-2026 11:00 AM,07-Oct-2026 05:30 PM,08-Oct-2026 05:30 PM,,,3 18-Aug-2026 11:00 AM 07-Oct-2026 05:30 PM 08-Oct-2026 05:30 PM [Construction of Bus Q Shelters ] [AICTSL/2026/MPE-Tender/NIT NO. 112][2026_AICTS_530313_1] Atal Indore City Transport Services Ltd - Indore
238,Principal Revenue Commissioner,3,3,MATCH,2026_AICTS_531642_1,Indore Mandav Route,AICTSL/2026/MPE-Tender/NIT NO. 113,24-Aug-2026 09:00 AM,05-Oct-2026 05:30 PM,06-Oct-2026 05:30 PM,,,1 24-Aug-2026 09:00 AM 05-Oct-2026 05:30 PM 06-Oct-2026 05:30 PM [Indore Mandav Route ] [AICTSL/2026/MPE-Tender/NIT NO. 113][2026_AICTS_531642_1] Atal Indore City Transport Services Ltd - Indore
239,Principal Revenue Commissioner,3,3,MATCH,2026_AICTS_531648_1,Indore Sendhwa Route,AICTSL/2026/MPE-Tender/NIT NO. 118,24-Aug-2026 09:00 AM,05-Oct-2026 05:30 PM,06-Oct-2026 05:30 PM,,,2 24-Aug-2026 09:00 AM 05-Oct-2026 05:30 PM 06-Oct-2026 05:30 PM [Indore Sendhwa Route ] [AICTSL/2026/MPE-Tender/NIT NO. 118][2026_AICTS_531648_1] Atal Indore City Transport Services Ltd - Indore
240,Principal Revenue Commissioner,3,3,MATCH,2026_AICTS_530313_1,Construction of Bus Q Shelters,AICTSL/2026/MPE-Tender/NIT NO. 112,18-Aug-2026 11:00 AM,07-Oct-2026 05:30 PM,08-Oct-2026 05:30 PM,,,3 18-Aug-2026 11:00 AM 07-Oct-2026 05:30 PM 08-Oct-2026 05:30 PM [Construction of Bus Q Shelters ] [AICTSL/2026/MPE-Tender/NIT NO. 112][2026_AICTS_530313_1] Atal Indore City Transport Services Ltd - Indore
241,Professional Examination Board,3,3,MATCH,2026_AICTS_531642_1,Indore Mandav Route,AICTSL/2026/MPE-Tender/NIT NO. 113,24-Aug-2026 09:00 AM,05-Oct-2026 05:30 PM,06-Oct-2026 05:30 PM,,,1 24-Aug-2026 09:00 AM 05-Oct-2026 05:30 PM 06-Oct-2026 05:30 PM [Indore Mandav Route ] [AICTSL/2026/MPE-Tender/NIT NO. 113][2026_AICTS_531642_1] Atal Indore City Transport Services Ltd - Indore
242,Professional Examination Board,3,3,MATCH,2026_AICTS_531648_1,Indore Sendhwa Route,AICTSL/2026/MPE-Tender/NIT NO. 118,24-Aug-2026 09:00 AM,05-Oct-2026 05:30 PM,06-Oct-2026 05:30 PM,,,2 24-Aug-2026 09:00 AM 05-Oct-2026 05:30 PM 06-Oct-2026 05:30 PM [Indore Sendhwa Route ] [AICTSL/2026/MPE-Tender/NIT NO. 118][2026_AICTS_531648_1] Atal Indore City Transport Services Ltd - Indore
243,Professional Examination Board,3,3,MATCH,2026_AICTS_530313_1,Construction of Bus Q Shelters,AICTSL/2026/MPE-Tender/NIT NO. 112,18-Aug-2026 11:00 AM,07-Oct-2026 05:30 PM,08-Oct-2026 05:30 PM,,,3 18-Aug-2026 11:00 AM 07-Oct-2026 05:30 PM 08-Oct-2026 05:30 PM [Construction of Bus Q Shelters ] [AICTSL/2026/MPE-Tender/NIT NO. 112][2026_AICTS_530313_1] Atal Indore City Transport Services Ltd - Indore
244,Pt. Khushilal Sharma Government (Autonomous) Ayurveda College and Institute,3,3,MATCH,2026_AICTS_531642_1,Indore Mandav Route,AICTSL/2026/MPE-Tender/NIT NO. 113,24-Aug-2026 09:00 AM,05-Oct-2026 05:30 PM,06-Oct-2026 05:30 PM,,,1 24-Aug-2026 09:00 AM 05-Oct-2026 05:30 PM 06-Oct-2026 05:30 PM [Indore Mandav Route ] [AICTSL/2026/MPE-Tender/NIT NO. 113][2026_AICTS_531642_1] Atal Indore City Transport Services Ltd - Indore
245,Pt. Khushilal Sharma Government (Autonomous) Ayurveda College and Institute,3,3,MATCH,2026_AICTS_531648_1,Indore Sendhwa Route,AICTSL/2026/MPE-Tender/NIT NO. 118,24-Aug-2026 09:00 AM,05-Oct-2026 05:30 PM,06-Oct-2026 05:30 PM,,,2 24-Aug-2026 09:00 AM 05-Oct-2026 05:30 PM 06-Oct-2026 05:30 PM [Indore Sendhwa Route ] [AICTSL/2026/MPE-Tender/NIT NO. 118][2026_AICTS_531648_1] Atal Indore City Transport Services Ltd - Indore
246,Pt. Khushilal Sharma Government (Autonomous) Ayurveda College and Institute,3,3,MATCH,2026_AICTS_530313_1,Construction of Bus Q Shelters,AICTSL/2026/MPE-Tender/NIT NO. 112,18-Aug-2026 11:00 AM,07-Oct-2026 05:30 PM,08-Oct-2026 05:30 PM,,,3 18-Aug-2026 11:00 AM 07-Oct-2026 05:30 PM 08-Oct-2026 05:30 PM [Construction of Bus Q Shelters ] [AICTSL/2026/MPE-Tender/NIT NO. 112][2026_AICTS_530313_1] Atal Indore City Transport Services Ltd - Indore
247,Public Health Engineering- O/o Engineer In Chief,3,3,MATCH,2026_AICTS_531642_1,Indore Mandav Route,AICTSL/2026/MPE-Tender/NIT NO. 113,24-Aug-2026 09:00 AM,05-Oct-2026 05:30 PM,06-Oct-2026 05:30 PM,,,1 24-Aug-2026 09:00 AM 05-Oct-2026 05:30 PM 06-Oct-2026 05:30 PM [Indore Mandav Route ] [AICTSL/2026/MPE-Tender/NIT NO. 113][2026_AICTS_531642_1] Atal Indore City Transport Services Ltd - Indore
248,Public Health Engineering- O/o Engineer In Chief,3,3,MATCH,2026_AICTS_531648_1,Indore Sendhwa Route,AICTSL/2026/MPE-Tender/NIT NO. 118,24-Aug-2026 09:00 AM,05-Oct-2026 05:30 PM,06-Oct-2026 05:30 PM,,,2 24-Aug-2026 09:00 AM 05-Oct-2026 05:30 PM 06-Oct-2026 05:30 PM [Indore Sendhwa Route ] [AICTSL/2026/MPE-Tender/NIT NO. 118][2026_AICTS_531648_1] Atal Indore City Transport Services Ltd - Indore
249,Public Health Engineering- O/o Engineer In Chief,3,3,MATCH,2026_AICTS_530313_1,Construction of Bus Q Shelters,AICTSL/2026/MPE-Tender/NIT NO. 112,18-Aug-2026 11:00 AM,07-Oct-2026 05:30 PM,08-Oct-2026 05:30 PM,,,3 18-Aug-2026 11:00 AM 07-Oct-2026 05:30 PM 08-Oct-2026 05:30 PM [Construction of Bus Q Shelters ] [AICTSL/2026/MPE-Tender/NIT NO. 112][2026_AICTS_530313_1] Atal Indore City Transport Services Ltd - Indore
250,PWD-PIU,3,3,MATCH,2026_AICTS_531642_1,Indore Mandav Route,AICTSL/2026/MPE-Tender/NIT NO. 113,24-Aug-2026 09:00 AM,05-Oct-2026 05:30 PM,06-Oct-2026 05:30 PM,,,1 24-Aug-2026 09:00 AM 05-Oct-2026 05:30 PM 06-Oct-2026 05:30 PM [Indore Mandav Route ] [AICTSL/2026/MPE-Tender/NIT NO. 113][2026_AICTS_531642_1] Atal Indore City Transport Services Ltd - Indore
251,PWD-PIU,3,3,MATCH,2026_AICTS_531648_1,Indore Sendhwa Route,AICTSL/2026/MPE-Tender/NIT NO. 118,24-Aug-2026 09:00 AM,05-Oct-2026 05:30 PM,06-Oct-2026 05:30 PM,,,2 24-Aug-2026 09:00 AM 05-Oct-2026 05:30 PM 06-Oct-2026 05:30 PM [Indore Sendhwa Route ] [AICTSL/2026/MPE-Tender/NIT NO. 118][2026_AICTS_531648_1] Atal Indore City Transport Services Ltd - Indore
252,PWD-PIU,3,3,MATCH,2026_AICTS_530313_1,Construction of Bus Q Shelters,AICTSL/2026/MPE-Tender/NIT NO. 112,18-Aug-2026 11:00 AM,07-Oct-2026 05:30 PM,08-Oct-2026 05:30 PM,,,3 18-Aug-2026 11:00 AM 07-Oct-2026 05:30 PM 08-Oct-2026 05:30 PM [Construction of Bus Q Shelters ] [AICTSL/2026/MPE-Tender/NIT NO. 112][2026_AICTS_530313_1] Atal Indore City Transport Services Ltd - Indore
253,PWD- Roads and Bridges,3,3,MATCH,2026_AICTS_531642_1,Indore Mandav Route,AICTSL/2026/MPE-Tender/NIT NO. 113,24-Aug-2026 09:00 AM,05-Oct-2026 05:30 PM,06-Oct-2026 05:30 PM,,,1 24-Aug-2026 09:00 AM 05-Oct-2026 05:30 PM 06-Oct-2026 05:30 PM [Indore Mandav Route ] [AICTSL/2026/MPE-Tender/NIT NO. 113][2026_AICTS_531642_1] Atal Indore City Transport Services Ltd - Indore
254,PWD- Roads and Bridges,3,3,MATCH,2026_AICTS_531648_1,Indore Sendhwa Route,AICTSL/2026/MPE-Tender/NIT NO. 118,24-Aug-2026 09:00 AM,05-Oct-2026 05:30 PM,06-Oct-2026 05:30 PM,,,2 24-Aug-2026 09:00 AM 05-Oct-2026 05:30 PM 06-Oct-2026 05:30 PM [Indore Sendhwa Route ] [AICTSL/2026/MPE-Tender/NIT NO. 118][2026_AICTS_531648_1] Atal Indore City Transport Services Ltd - Indore
255,PWD- Roads and Bridges,3,3,MATCH,2026_AICTS_530313_1,Construction of Bus Q Shelters,AICTSL/2026/MPE-Tender/NIT NO. 112,18-Aug-2026 11:00 AM,07-Oct-2026 05:30 PM,08-Oct-2026 05:30 PM,,,3 18-Aug-2026 11:00 AM 07-Oct-2026 05:30 PM 08-Oct-2026 05:30 PM [Construction of Bus Q Shelters ] [AICTSL/2026/MPE-Tender/NIT NO. 112][2026_AICTS_530313_1] Atal Indore City Transport Services Ltd - Indore
256,Rajmata Vijayaraje Scindia Krishi Vishwa Vidyalaya - Gwalior,3,3,MATCH,2026_AICTS_531642_1,Indore Mandav Route,AICTSL/2026/MPE-Tender/NIT NO. 113,24-Aug-2026 09:00 AM,05-Oct-2026 05:30 PM,06-Oct-2026 05:30 PM,,,1 24-Aug-2026 09:00 AM 05-Oct-2026 05:30 PM 06-Oct-2026 05:30 PM [Indore Mandav Route ] [AICTSL/2026/MPE-Tender/NIT NO. 113][2026_AICTS_531642_1] Atal Indore City Transport Services Ltd - Indore
257,Rajmata Vijayaraje Scindia Krishi Vishwa Vidyalaya - Gwalior,3,3,MATCH,2026_AICTS_531648_1,Indore Sendhwa Route,AICTSL/2026/MPE-Tender/NIT NO. 118,24-Aug-2026 09:00 AM,05-Oct-2026 05:30 PM,06-Oct-2026 05:30 PM,,,2 24-Aug-2026 09:00 AM 05-Oct-2026 05:30 PM 06-Oct-2026 05:30 PM [Indore Sendhwa Route ] [AICTSL/2026/MPE-Tender/NIT NO. 118][2026_AICTS_531648_1] Atal Indore City Transport Services Ltd - Indore
258,Rajmata Vijayaraje Scindia Krishi Vishwa Vidyalaya - Gwalior,3,3,MATCH,2026_AICTS_530313_1,Construction of Bus Q Shelters,AICTSL/2026/MPE-Tender/NIT NO. 112,18-Aug-2026 11:00 AM,07-Oct-2026 05:30 PM,08-Oct-2026 05:30 PM,,,3 18-Aug-2026 11:00 AM 07-Oct-2026 05:30 PM 08-Oct-2026 05:30 PM [Construction of Bus Q Shelters ] [AICTSL/2026/MPE-Tender/NIT NO. 112][2026_AICTS_530313_1] Atal Indore City Transport Services Ltd - Indore
259,Rajya Shiksha Kendra M.P,3,3,MATCH,2026_AICTS_531642_1,Indore Mandav Route,AICTSL/2026/MPE-Tender/NIT NO. 113,24-Aug-2026 09:00 AM,05-Oct-2026 05:30 PM,06-Oct-2026 05:30 PM,,,1 24-Aug-2026 09:00 AM 05-Oct-2026 05:30 PM 06-Oct-2026 05:30 PM [Indore Mandav Route ] [AICTSL/2026/MPE-Tender/NIT NO. 113][2026_AICTS_531642_1] Atal Indore City Transport Services Ltd - Indore
260,Rajya Shiksha Kendra M.P,3,3,MATCH,2026_AICTS_531648_1,Indore Sendhwa Route,AICTSL/2026/MPE-Tender/NIT NO. 118,24-Aug-2026 09:00 AM,05-Oct-2026 05:30 PM,06-Oct-2026 05:30 PM,,,2 24-Aug-2026 09:00 AM 05-Oct-2026 05:30 PM 06-Oct-2026 05:30 PM [Indore Sendhwa Route ] [AICTSL/2026/MPE-Tender/NIT NO. 118][2026_AICTS_531648_1] Atal Indore City Transport Services Ltd - Indore
261,Rajya Shiksha Kendra M.P,3,3,MATCH,2026_AICTS_530313_1,Construction of Bus Q Shelters,AICTSL/2026/MPE-Tender/NIT NO. 112,18-Aug-2026 11:00 AM,07-Oct-2026 05:30 PM,08-Oct-2026 05:30 PM,,,3 18-Aug-2026 11:00 AM 07-Oct-2026 05:30 PM 08-Oct-2026 05:30 PM [Construction of Bus Q Shelters ] [AICTSL/2026/MPE-Tender/NIT NO. 112][2026_AICTS_530313_1] Atal Indore City Transport Services Ltd - Indore
262,Rani Durgavati Vishwavidyalaya - Jabalpur,3,3,MATCH,2026_AICTS_531642_1,Indore Mandav Route,AICTSL/2026/MPE-Tender/NIT NO. 113,24-Aug-2026 09:00 AM,05-Oct-2026 05:30 PM,06-Oct-2026 05:30 PM,,,1 24-Aug-2026 09:00 AM 05-Oct-2026 05:30 PM 06-Oct-2026 05:30 PM [Indore Mandav Route ] [AICTSL/2026/MPE-Tender/NIT NO. 113][2026_AICTS_531642_1] Atal Indore City Transport Services Ltd - Indore
263,Rani Durgavati Vishwavidyalaya - Jabalpur,3,3,MATCH,2026_AICTS_531648_1,Indore Sendhwa Route,AICTSL/2026/MPE-Tender/NIT NO. 118,24-Aug-2026 09:00 AM,05-Oct-2026 05:30 PM,06-Oct-2026 05:30 PM,,,2 24-Aug-2026 09:00 AM 05-Oct-2026 05:30 PM 06-Oct-2026 05:30 PM [Indore Sendhwa Route ] [AICTSL/2026/MPE-Tender/NIT NO. 118][2026_AICTS_531648_1] Atal Indore City Transport Services Ltd - Indore
264,Rani Durgavati Vishwavidyalaya - Jabalpur,3,3,MATCH,2026_AICTS_530313_1,Construction of Bus Q Shelters,AICTSL/2026/MPE-Tender/NIT NO. 112,18-Aug-2026 11:00 AM,07-Oct-2026 05:30 PM,08-Oct-2026 05:30 PM,,,3 18-Aug-2026 11:00 AM 07-Oct-2026 05:30 PM 08-Oct-2026 05:30 PM [Construction of Bus Q Shelters ] [AICTSL/2026/MPE-Tender/NIT NO. 112][2026_AICTS_530313_1] Atal Indore City Transport Services Ltd - Indore
265,Rewa Ultra Mega Solar Limited,3,3,MATCH,2026_AICTS_531642_1,Indore Mandav Route,AICTSL/2026/MPE-Tender/NIT NO. 113,24-Aug-2026 09:00 AM,05-Oct-2026 05:30 PM,06-Oct-2026 05:30 PM,,,1 24-Aug-2026 09:00 AM 05-Oct-2026 05:30 PM 06-Oct-2026 05:30 PM [Indore Mandav Route ] [AICTSL/2026/MPE-Tender/NIT NO. 113][2026_AICTS_531642_1] Atal Indore City Transport Services Ltd - Indore
266,Rewa Ultra Mega Solar Limited,3,3,MATCH,2026_AICTS_531648_1,Indore Sendhwa Route,AICTSL/2026/MPE-Tender/NIT NO. 118,24-Aug-2026 09:00 AM,05-Oct-2026 05:30 PM,06-Oct-2026 05:30 PM,,,2 24-Aug-2026 09:00 AM 05-Oct-2026 05:30 PM 06-Oct-2026 05:30 PM [Indore Sendhwa Route ] [AICTSL/2026/MPE-Tender/NIT NO. 118][2026_AICTS_531648_1] Atal Indore City Transport Services Ltd - Indore
267,Rewa Ultra Mega Solar Limited,3,3,MATCH,2026_AICTS_530313_1,Construction of Bus Q Shelters,AICTSL/2026/MPE-Tender/NIT NO. 112,18-Aug-2026 11:00 AM,07-Oct-2026 05:30 PM,08-Oct-2026 05:30 PM,,,3 18-Aug-2026 11:00 AM 07-Oct-2026 05:30 PM 08-Oct-2026 05:30 PM [Construction of Bus Q Shelters ] [AICTSL/2026/MPE-Tender/NIT NO. 112][2026_AICTS_530313_1] Atal Indore City Transport Services Ltd - Indore
268,Rural Engineering Service,3,3,MATCH,2026_AICTS_531642_1,Indore Mandav Route,AICTSL/2026/MPE-Tender/NIT NO. 113,24-Aug-2026 09:00 AM,05-Oct-2026 05:30 PM,06-Oct-2026 05:30 PM,,,1 24-Aug-2026 09:00 AM 05-Oct-2026 05:30 PM 06-Oct-2026 05:30 PM [Indore Mandav Route ] [AICTSL/2026/MPE-Tender/NIT NO. 113][2026_AICTS_531642_1] Atal Indore City Transport Services Ltd - Indore
269,Rural Engineering Service,3,3,MATCH,2026_AICTS_531648_1,Indore Sendhwa Route,AICTSL/2026/MPE-Tender/NIT NO. 118,24-Aug-2026 09:00 AM,05-Oct-2026 05:30 PM,06-Oct-2026 05:30 PM,,,2 24-Aug-2026 09:00 AM 05-Oct-2026 05:30 PM 06-Oct-2026 05:30 PM [Indore Sendhwa Route ] [AICTSL/2026/MPE-Tender/NIT NO. 118][2026_AICTS_531648_1] Atal Indore City Transport Services Ltd - Indore
270,Rural Engineering Service,3,3,MATCH,2026_AICTS_530313_1,Construction of Bus Q Shelters,AICTSL/2026/MPE-Tender/NIT NO. 112,18-Aug-2026 11:00 AM,07-Oct-2026 05:30 PM,08-Oct-2026 05:30 PM,,,3 18-Aug-2026 11:00 AM 07-Oct-2026 05:30 PM 08-Oct-2026 05:30 PM [Construction of Bus Q Shelters ] [AICTSL/2026/MPE-Tender/NIT NO. 112][2026_AICTS_530313_1] Atal Indore City Transport Services Ltd - Indore
271,Shri Omkareshwar Mandir Trust- Omkareshwar,3,3,MATCH,2026_AICTS_531642_1,Indore Mandav Route,AICTSL/2026/MPE-Tender/NIT NO. 113,24-Aug-2026 09:00 AM,05-Oct-2026 05:30 PM,06-Oct-2026 05:30 PM,,,1 24-Aug-2026 09:00 AM 05-Oct-2026 05:30 PM 06-Oct-2026 05:30 PM [Indore Mandav Route ] [AICTSL/2026/MPE-Tender/NIT NO. 113][2026_AICTS_531642_1] Atal Indore City Transport Services Ltd - Indore
272,Shri Omkareshwar Mandir Trust- Omkareshwar,3,3,MATCH,2026_AICTS_531648_1,Indore Sendhwa Route,AICTSL/2026/MPE-Tender/NIT NO. 118,24-Aug-2026 09:00 AM,05-Oct-2026 05:30 PM,06-Oct-2026 05:30 PM,,,2 24-Aug-2026 09:00 AM 05-Oct-2026 05:30 PM 06-Oct-2026 05:30 PM [Indore Sendhwa Route ] [AICTSL/2026/MPE-Tender/NIT NO. 118][2026_AICTS_531648_1] Atal Indore City Transport Services Ltd - Indore
273,Shri Omkareshwar Mandir Trust- Omkareshwar,3,3,MATCH,2026_AICTS_530313_1,Construction of Bus Q Shelters,AICTSL/2026/MPE-Tender/NIT NO. 112,18-Aug-2026 11:00 AM,07-Oct-2026 05:30 PM,08-Oct-2026 05:30 PM,,,3 18-Aug-2026 11:00 AM 07-Oct-2026 05:30 PM 08-Oct-2026 05:30 PM [Construction of Bus Q Shelters ] [AICTSL/2026/MPE-Tender/NIT NO. 112][2026_AICTS_530313_1] Atal Indore City Transport Services Ltd - Indore
274,State Level Employment and Training Center,3,3,MATCH,2026_AICTS_531642_1,Indore Mandav Route,AICTSL/2026/MPE-Tender/NIT NO. 113,24-Aug-2026 09:00 AM,05-Oct-2026 05:30 PM,06-Oct-2026 05:30 PM,,,1 24-Aug-2026 09:00 AM 05-Oct-2026 05:30 PM 06-Oct-2026 05:30 PM [Indore Mandav Route ] [AICTSL/2026/MPE-Tender/NIT NO. 113][2026_AICTS_531642_1] Atal Indore City Transport Services Ltd - Indore
275,State Level Employment and Training Center,3,3,MATCH,2026_AICTS_531648_1,Indore Sendhwa Route,AICTSL/2026/MPE-Tender/NIT NO. 118,24-Aug-2026 09:00 AM,05-Oct-2026 05:30 PM,06-Oct-2026 05:30 PM,,,2 24-Aug-2026 09:00 AM 05-Oct-2026 05:30 PM 06-Oct-2026 05:30 PM [Indore Sendhwa Route ] [AICTSL/2026/MPE-Tender/NIT NO. 118][2026_AICTS_531648_1] Atal Indore City Transport Services Ltd - Indore
276,State Level Employment and Training Center,3,3,MATCH,2026_AICTS_530313_1,Construction of Bus Q Shelters,AICTSL/2026/MPE-Tender/NIT NO. 112,18-Aug-2026 11:00 AM,07-Oct-2026 05:30 PM,08-Oct-2026 05:30 PM,,,3 18-Aug-2026 11:00 AM 07-Oct-2026 05:30 PM 08-Oct-2026 05:30 PM [Construction of Bus Q Shelters ] [AICTSL/2026/MPE-Tender/NIT NO. 112][2026_AICTS_530313_1] Atal Indore City Transport Services Ltd - Indore
277,THE CHIEF ELECTORAL OFFICER,3,3,MATCH,2026_AICTS_531642_1,Indore Mandav Route,AICTSL/2026/MPE-Tender/NIT NO. 113,24-Aug-2026 09:00 AM,05-Oct-2026 05:30 PM,06-Oct-2026 05:30 PM,,,1 24-Aug-2026 09:00 AM 05-Oct-2026 05:30 PM 06-Oct-2026 05:30 PM [Indore Mandav Route ] [AICTSL/2026/MPE-Tender/NIT NO. 113][2026_AICTS_531642_1] Atal Indore City Transport Services Ltd - Indore
278,THE CHIEF ELECTORAL OFFICER,3,3,MATCH,2026_AICTS_531648_1,Indore Sendhwa Route,AICTSL/2026/MPE-Tender/NIT NO. 118,24-Aug-2026 09:00 AM,05-Oct-2026 05:30 PM,06-Oct-2026 05:30 PM,,,2 24-Aug-2026 09:00 AM 05-Oct-2026 05:30 PM 06-Oct-2026 05:30 PM [Indore Sendhwa Route ] [AICTSL/2026/MPE-Tender/NIT NO. 118][2026_AICTS_531648_1] Atal Indore City Transport Services Ltd - Indore
279,THE CHIEF ELECTORAL OFFICER,3,3,MATCH,2026_AICTS_530313_1,Construction of Bus Q Shelters,AICTSL/2026/MPE-Tender/NIT NO. 112,18-Aug-2026 11:00 AM,07-Oct-2026 05:30 PM,08-Oct-2026 05:30 PM,,,3 18-Aug-2026 11:00 AM 07-Oct-2026 05:30 PM 08-Oct-2026 05:30 PM [Construction of Bus Q Shelters ] [AICTSL/2026/MPE-Tender/NIT NO. 112][2026_AICTS_530313_1] Atal Indore City Transport Services Ltd - Indore
280,Tribal Affairs Department-MP,3,3,MATCH,2026_AICTS_531642_1,Indore Mandav Route,AICTSL/2026/MPE-Tender/NIT NO. 113,24-Aug-2026 09:00 AM,05-Oct-2026 05:30 PM,06-Oct-2026 05:30 PM,,,1 24-Aug-2026 09:00 AM 05-Oct-2026 05:30 PM 06-Oct-2026 05:30 PM [Indore Mandav Route ] [AICTSL/2026/MPE-Tender/NIT NO. 113][2026_AICTS_531642_1] Atal Indore City Transport Services Ltd - Indore
281,Tribal Affairs Department-MP,3,3,MATCH,2026_AICTS_531648_1,Indore Sendhwa Route,AICTSL/2026/MPE-Tender/NIT NO. 118,24-Aug-2026 09:00 AM,05-Oct-2026 05:30 PM,06-Oct-2026 05:30 PM,,,2 24-Aug-2026 09:00 AM 05-Oct-2026 05:30 PM 06-Oct-2026 05:30 PM [Indore Sendhwa Route ] [AICTSL/2026/MPE-Tender/NIT NO. 118][2026_AICTS_531648_1] Atal Indore City Transport Services Ltd - Indore
282,Tribal Affairs Department-MP,3,3,MATCH,2026_AICTS_530313_1,Construction of Bus Q Shelters,AICTSL/2026/MPE-Tender/NIT NO. 112,18-Aug-2026 11:00 AM,07-Oct-2026 05:30 PM,08-Oct-2026 05:30 PM,,,3 18-Aug-2026 11:00 AM 07-Oct-2026 05:30 PM 08-Oct-2026 05:30 PM [Construction of Bus Q Shelters ] [AICTSL/2026/MPE-Tender/NIT NO. 112][2026_AICTS_530313_1] Atal Indore City Transport Services Ltd - Indore
283,Vikram University,3,3,MATCH,2026_AICTS_531642_1,Indore Mandav Route,AICTSL/2026/MPE-Tender/NIT NO. 113,24-Aug-2026 09:00 AM,05-Oct-2026 05:30 PM,06-Oct-2026 05:30 PM,,,1 24-Aug-2026 09:00 AM 05-Oct-2026 05:30 PM 06-Oct-2026 05:30 PM [Indore Mandav Route ] [AICTSL/2026/MPE-Tender/NIT NO. 113][2026_AICTS_531642_1] Atal Indore City Transport Services Ltd - Indore
284,Vikram University,3,3,MATCH,2026_AICTS_531648_1,Indore Sendhwa Route,AICTSL/2026/MPE-Tender/NIT NO. 118,24-Aug-2026 09:00 AM,05-Oct-2026 05:30 PM,06-Oct-2026 05:30 PM,,,2 24-Aug-2026 09:00 AM 05-Oct-2026 05:30 PM 06-Oct-2026 05:30 PM [Indore Sendhwa Route ] [AICTSL/2026/MPE-Tender/NIT NO. 118][2026_AICTS_531648_1] Atal Indore City Transport Services Ltd - Indore
285,Vikram University,3,3,MATCH,2026_AICTS_530313_1,Construction of Bus Q Shelters,AICTSL/2026/MPE-Tender/NIT NO. 112,18-Aug-2026 11:00 AM,07-Oct-2026 05:30 PM,08-Oct-2026 05:30 PM,,,3 18-Aug-2026 11:00 AM 07-Oct-2026 05:30 PM 08-Oct-2026 05:30 PM [Construction of Bus Q Shelters ] [AICTSL/2026/MPE-Tender/NIT NO. 112][2026_AICTS_530313_1] Atal Indore City Transport Services Ltd - Indore
