Tender ID,Organisation Name,Organisation Chain,Title,Reference Number,E-Published Date,Closing Date,Opening Date,Source,Retrieved At
2026_MPFD_536497_1,MP Forest Department,MP Forest Department||MP Forest - Ujjain Circle||Division Dewas,[Rescue equipment],2026_MPFD_536497_1,19-Sep-2026 10:00 AM,09-Oct-2026 10:00 AM,10-Oct-2026 05:00 PM,Closing within 14 days,2026-10-08T19:56:16.164243+00:00
2026_PWDRB_537038_1,PWD- Roads and Bridges,PWD- Roads and Bridges||Bhopal CE Capital Zone - PWD||Bhopal E and M Division-1 EE Zone Capital PWD,"[For Providing Electrification 1st Call. P. A. C. 3324894.00 on Electrical SOR 01-01-2024, Completion period 365 Days (i/c rainy season)]",2026_PWDRB_537038_1,21-Sep-2026 10:30 AM,09-Oct-2026 10:30 AM,12-Oct-2026 10:30 AM,Closing within 14 days,2026-10-08T19:56:16.186252+00:00
2026_UAD_538494_1,Directorate Urban Administration and Development,Directorate Urban Administration and Development||Join Director- Shehdol Division - UAD||Shahdol-Nagar Palika Shahdol - UAD,[Construction of CC Drain near House of Sanjay ward no 22 shahdol as per nit and estimate.],2026_UAD_538494_1,25-Sep-2026 10:30 AM,09-Oct-2026 10:30 AM,12-Oct-2026 10:30 AM,Closing within 14 days,2026-10-08T19:56:16.208601+00:00
2026_UAD_540557_1,Directorate Urban Administration and Development,Directorate Urban Administration and Development||Muncipal Corporations - UAD||Muncipal Corporation - Ratlam - UAD||Health Deptt. - MC Ratlam - UAD,[Dancing Night on 14.10.2026],2026_UAD_540557_1,03-Oct-2026 06:45 PM,09-Oct-2026 11:00 AM,10-Oct-2026 11:00 AM,Closing within 14 days,2026-10-08T19:56:16.230949+00:00
2026_UAD_540507_1,Directorate Urban Administration and Development,Directorate Urban Administration and Development||Muncipal Corporations - UAD||Muncipal Corporation - Ratlam - UAD||Health Deptt. - MC Ratlam - UAD,[Devotional Music Festival on 11.10.2026],2026_UAD_540507_1,03-Oct-2026 06:45 PM,09-Oct-2026 11:00 AM,10-Oct-2026 11:00 AM,Closing within 14 days,2026-10-08T19:56:16.253265+00:00
2026_UAD_540554_1,Directorate Urban Administration and Development,Directorate Urban Administration and Development||Muncipal Corporations - UAD||Muncipal Corporation - Ratlam - UAD||Health Deptt. - MC Ratlam - UAD,[Orchestra of local artists on 12.10.2026],2026_UAD_540554_1,03-Oct-2026 06:45 PM,09-Oct-2026 11:00 AM,10-Oct-2026 11:00 AM,Closing within 14 days,2026-10-08T19:56:16.275481+00:00
2026_UAD_540641_1,Directorate Urban Administration and Development,Directorate Urban Administration and Development||Muncipal Corporations - UAD||Muncipal Corporation - Ratlam - UAD||Health Deptt. - MC Ratlam - UAD,[Date 20.10.2026 ravan dahan],2026_UAD_540641_1,03-Oct-2026 06:45 PM,09-Oct-2026 11:00 AM,10-Oct-2026 11:00 AM,Closing within 14 days,2026-10-08T19:56:16.297933+00:00
2026_MPPKV_537186_1,Madhya Pradesh Paschim Kshetra Vidyut Vitran Company Ltd,"Madhya Pradesh Paschim Kshetra Vidyut Vitran Company Ltd||ED/Chief Engineer (Indore Region) - MPPKVVCL||SE, Indore O and M Circle, Indore - MPPKVVCL||EE, Indore O and M STC Division, Indore - MPPKVVCL",[Bifur. of 11kv feeder Guljhara SS to Kanya Ashram Khokriya chhatrawas(exist dhani mix) under dhamnod dc.],2026_MPPKV_537186_1,28-Sep-2026 06:00 PM,09-Oct-2026 11:00 AM,12-Oct-2026 03:00 PM,Closing within 14 days,2026-10-08T19:56:16.320268+00:00
2026_UAD_540555_1,Directorate Urban Administration and Development,Directorate Urban Administration and Development||Muncipal Corporations - UAD||Muncipal Corporation - Ratlam - UAD||Health Deptt. - MC Ratlam - UAD,[A Musical Confluence of Renowned Bhajan Singers on 13.10.2026],2026_UAD_540555_1,03-Oct-2026 06:45 PM,09-Oct-2026 11:00 AM,10-Oct-2026 11:00 AM,Closing within 14 days,2026-10-08T19:56:16.342594+00:00
2026_UAD_540558_1,Directorate Urban Administration and Development,Directorate Urban Administration and Development||Muncipal Corporations - UAD||Muncipal Corporation - Ratlam - UAD||Health Deptt. - MC Ratlam - UAD,[Celebrity Night on 15.10.2026],2026_UAD_540558_1,03-Oct-2026 06:45 PM,09-Oct-2026 11:00 AM,10-Oct-2026 11:00 AM,Closing within 14 days,2026-10-08T19:56:16.364926+00:00
2026_UAD_540564_1,Directorate Urban Administration and Development,Directorate Urban Administration and Development||Muncipal Corporations - UAD||Muncipal Corporation - Ratlam - UAD||Health Deptt. - MC Ratlam - UAD,[Live Band Orchestra on 19.10.2026],2026_UAD_540564_1,03-Oct-2026 06:45 PM,09-Oct-2026 11:00 AM,10-Oct-2026 11:00 AM,Closing within 14 days,2026-10-08T19:56:21.308481+00:00
2026_MPPKV_537182_1,Madhya Pradesh Paschim Kshetra Vidyut Vitran Company Ltd,"Madhya Pradesh Paschim Kshetra Vidyut Vitran Company Ltd||ED/Chief Engineer (Indore Region) - MPPKVVCL||SE, Indore O and M Circle, Indore - MPPKVVCL||EE, Indore O and M STC Division, Indore - MPPKVVCL",[Add.5 MVA PTR at Harsola Mhow],2026_MPPKV_537182_1,28-Sep-2026 06:00 PM,09-Oct-2026 11:00 AM,12-Oct-2026 03:00 PM,Closing within 14 days,2026-10-08T19:56:21.330659+00:00
2026_MPPKV_537183_1,Madhya Pradesh Paschim Kshetra Vidyut Vitran Company Ltd,"Madhya Pradesh Paschim Kshetra Vidyut Vitran Company Ltd||ED/Chief Engineer (Indore Region) - MPPKVVCL||SE, Indore O and M Circle, Indore - MPPKVVCL||EE, Indore O and M STC Division, Indore - MPPKVVCL",[Add.5 MVA PTR at Kamadpur Mhow],2026_MPPKV_537183_1,28-Sep-2026 06:00 PM,09-Oct-2026 11:00 AM,12-Oct-2026 03:00 PM,Closing within 14 days,2026-10-08T19:56:21.352879+00:00
2026_MPPKV_537185_1,Madhya Pradesh Paschim Kshetra Vidyut Vitran Company Ltd,"Madhya Pradesh Paschim Kshetra Vidyut Vitran Company Ltd||ED/Chief Engineer (Indore Region) - MPPKVVCL||SE, Indore O and M Circle, Indore - MPPKVVCL||EE, Indore O and M STC Division, Indore - MPPKVVCL","[ Addl. 3.15 MVA PTR, SS Pedmi, under Kampel Dc. of Indore Dn. ]",2026_MPPKV_537185_1,28-Sep-2026 06:00 PM,09-Oct-2026 11:00 AM,12-Oct-2026 03:00 PM,Closing within 14 days,2026-10-08T19:56:21.374933+00:00
2026_MPPKV_537180_1,Madhya Pradesh Paschim Kshetra Vidyut Vitran Company Ltd,"Madhya Pradesh Paschim Kshetra Vidyut Vitran Company Ltd||ED/Chief Engineer (Indore Region) - MPPKVVCL||SE, Indore O and M Circle, Indore - MPPKVVCL||EE, Indore O and M STC Division, Indore - MPPKVVCL",[Add.5 MVA PTR at Bawaliya Indore],2026_MPPKV_537180_1,28-Sep-2026 06:00 PM,09-Oct-2026 11:00 AM,12-Oct-2026 03:00 PM,Closing within 14 days,2026-10-08T19:56:21.396961+00:00
2026_UAD_540563_1,Directorate Urban Administration and Development,Directorate Urban Administration and Development||Muncipal Corporations - UAD||Muncipal Corporation - Ratlam - UAD||Health Deptt. - MC Ratlam - UAD,[Bhakti Sandhya on 18.10.2026],2026_UAD_540563_1,03-Oct-2026 06:45 PM,09-Oct-2026 11:00 AM,10-Oct-2026 11:00 AM,Closing within 14 days,2026-10-08T19:56:21.418944+00:00
2026_MPPKV_537175_1,Madhya Pradesh Paschim Kshetra Vidyut Vitran Company Ltd,"Madhya Pradesh Paschim Kshetra Vidyut Vitran Company Ltd||ED/Chief Engineer (Indore Region) - MPPKVVCL||SE, Indore O and M Circle, Indore - MPPKVVCL||EE, Indore O and M STC Division, Indore - MPPKVVCL",[Add.5 MVA PTR at Balariya Indore.],2026_MPPKV_537175_1,28-Sep-2026 06:00 PM,09-Oct-2026 11:00 AM,12-Oct-2026 03:00 PM,Closing within 14 days,2026-10-08T19:56:21.440976+00:00
2026_UAD_540566_1,Directorate Urban Administration and Development,Directorate Urban Administration and Development||Muncipal Corporations - UAD||Muncipal Corporation - Ratlam - UAD||Health Deptt. - MC Ratlam - UAD,"[Provision of lighting, sound, and LED wall screen services for the cultural program held from 11.10.2026 to 19.10.2026 and the Ravan Dahan event on 20.10.2026.]",2026_UAD_540566_1,03-Oct-2026 06:45 PM,09-Oct-2026 11:00 AM,10-Oct-2026 11:00 AM,Closing within 14 days,2026-10-08T19:56:21.463286+00:00
2026_MPPKV_537176_1,Madhya Pradesh Paschim Kshetra Vidyut Vitran Company Ltd,"Madhya Pradesh Paschim Kshetra Vidyut Vitran Company Ltd||ED/Chief Engineer (Indore Region) - MPPKVVCL||SE, Indore O and M Circle, Indore - MPPKVVCL||EE, Indore O and M STC Division, Indore - MPPKVVCL",[Add.5 MVA PTR at Agra Depalpur],2026_MPPKV_537176_1,28-Sep-2026 06:00 PM,09-Oct-2026 11:00 AM,12-Oct-2026 03:00 PM,Closing within 14 days,2026-10-08T19:56:21.485220+00:00
2026_UAD_540560_1,Directorate Urban Administration and Development,Directorate Urban Administration and Development||Muncipal Corporations - UAD||Muncipal Corporation - Ratlam - UAD||Health Deptt. - MC Ratlam - UAD,[16.10.2026 All India Comedy Poet Conference],2026_UAD_540560_1,03-Oct-2026 06:45 PM,09-Oct-2026 11:00 AM,10-Oct-2026 11:00 AM,Closing within 14 days,2026-10-08T19:56:21.507465+00:00
2026_UAD_540565_1,Directorate Urban Administration and Development,Directorate Urban Administration and Development||Muncipal Corporations - UAD||Muncipal Corporation - Ratlam - UAD||Health Deptt. - MC Ratlam - UAD,"[Spectacular fireworks display prior to the burning of the Ravana effigy at Nehru Stadium and the Barbad Hanuman Fairgrounds on Dussehra, October 20, 2026.]",2026_UAD_540565_1,03-Oct-2026 06:45 PM,09-Oct-2026 11:00 AM,10-Oct-2026 11:00 AM,Closing within 14 days,2026-10-08T19:56:26.455401+00:00
2026_UAD_540562_1,Directorate Urban Administration and Development,Directorate Urban Administration and Development||Muncipal Corporations - UAD||Muncipal Corporation - Ratlam - UAD||Health Deptt. - MC Ratlam - UAD,[Bhajan evening by the renowned bhajan singer on 17.10.2026],2026_UAD_540562_1,03-Oct-2026 06:45 PM,09-Oct-2026 11:00 AM,10-Oct-2026 11:00 AM,Closing within 14 days,2026-10-08T19:56:26.477370+00:00
2026_DTE_536976_1,Directorate of Technical Education,Directorate of Technical Education||Government Polytechnic College - Sendhwa Barwani,[Supply of Furniture Items],2026_DTE_536976_1,18-Sep-2026 04:00 PM,09-Oct-2026 12:30 PM,10-Oct-2026 12:30 PM,Closing within 14 days,2026-10-08T19:56:26.499410+00:00
2026_EXCIS_541373_1,Excise Department,Excise Department||District Excise Office Chatarpur,[CHH/19/GARIMALAHRA GROUP (E-TERNDER)],2026_EXCIS_541373_1,07-Oct-2026 09:00 AM,09-Oct-2026 01:00 PM,09-Oct-2026 03:30 PM,Closing within 14 days,2026-10-08T19:56:26.521577+00:00
2026_EXCIS_541362_1,Excise Department,Excise Department||District Excise Office Chatarpur,[CHH/19/GARIMALAHRA GROUP (E-TERNDER CUM AUCTION)],2026_EXCIS_541362_1,07-Oct-2026 09:00 AM,09-Oct-2026 01:00 PM,09-Oct-2026 01:05 PM,Closing within 14 days,2026-10-08T19:56:26.543555+00:00
2026_DHS_536861_1,Directorate of Health Services,Directorate of Health Services||CS District Balaghat,[Tender for Cycle Stand IInd Call],2026_DHS_536861_1,23-Sep-2026 03:00 PM,09-Oct-2026 01:00 PM,12-Oct-2026 01:00 PM,Closing within 14 days,2026-10-08T19:56:26.565853+00:00
2026_EXCIS_540360_1,Excise Department,Excise Department||District Excise Office Ujjain,[Hiring of Vehicle for Assistant commissioner Excise ujjain Office],2026_EXCIS_540360_1,02-Oct-2026 10:00 AM,09-Oct-2026 01:00 PM,09-Oct-2026 01:05 PM,Closing within 14 days,2026-10-08T19:56:26.587839+00:00
2026_MPPMC_537163_1,Madhya Pradesh Power Management Company Limited-Jabalpur,Madhya Pradesh Power Management Company Limited-Jabalpur||Information Technology Department,[Providing and laying vitrified floor tiles of OC type quarters at MPPMCL Rampur Jabalpur],2026_MPPMC_537163_1,18-Sep-2026 06:00 PM,09-Oct-2026 03:00 PM,13-Oct-2026 03:30 PM,Closing within 14 days,2026-10-08T19:56:26.610193+00:00
2026_MPPGC_529899_1,Madhya Pradesh Power Generating Company Limited,Madhya Pradesh Power Generating Company Limited||Chief Engineer(Gen.)-Satpura Thermal Power Station-Sarni - MPPGCL,"[Supply, Installation and Commissioning of Silica, Sodium and Chlorine analysers for DM plant of 2x250 MW, STPS, Sarni]",2026_MPPGC_529899_1,19-Sep-2026 04:00 PM,09-Oct-2026 03:00 PM,14-Oct-2026 05:30 PM,Closing within 14 days,2026-10-08T19:56:26.632393+00:00
2026_MPPGC_505578_1,Madhya Pradesh Power Generating Company Limited,Madhya Pradesh Power Generating Company Limited||Chief Engineer(Gen.)-Sanjay Gandhi Thermal Power Station-Birsinghpur - MPPGCL,"[Procurement of spares for Siemens make 0.4 KV Air Circuit Breaker for U no. 3 and 4, at SGTPS, Birsinghpur.]",2026_MPPGC_505578_1,01-Jul-2026 06:35 PM,09-Oct-2026 03:00 PM,14-Oct-2026 03:30 PM,Closing within 14 days,2026-10-08T19:56:26.654695+00:00
2026_MPPGC_526184_1,Madhya Pradesh Power Generating Company Limited,Madhya Pradesh Power Generating Company Limited||Chief Engineer(Gen.)-Sanjay Gandhi Thermal Power Station-Birsinghpur - MPPGCL,"[Procurement of HV Rectifier Transformer Set 83 KVA,95 KV,800 mA at ESP System at 500 MW, Unit 5,SGTPS,Birsinghpur.]",2026_MPPGC_526184_1,14-Aug-2026 06:55 PM,09-Oct-2026 03:00 PM,14-Oct-2026 03:30 PM,Closing within 14 days,2026-10-08T19:56:31.605864+00:00
2026_MPPGC_527041_1,Madhya Pradesh Power Generating Company Limited,Madhya Pradesh Power Generating Company Limited||Chief Engineer(Gen.)-Sanjay Gandhi Thermal Power Station-Birsinghpur - MPPGCL,"[Complete engineering, design, supply, erection, commissioning and testing of Variable frequency drive VFD system with 02 years AMC for 900 KW CEP Motor installed at 500 MW, SGTPS, Birsinghpur.]",2026_MPPGC_527041_1,09-Sep-2026 06:00 PM,09-Oct-2026 03:00 PM,14-Oct-2026 03:30 PM,Closing within 14 days,2026-10-08T19:56:31.628068+00:00
2026_MPPGC_527994_1,Madhya Pradesh Power Generating Company Limited,Madhya Pradesh Power Generating Company Limited||Chief Engineer(Gen.)-Sanjay Gandhi Thermal Power Station-Birsinghpur - MPPGCL,"[Procurement of different size of silica gel breather Filled with deep blue Silica gel for various HT and LT transformers and bus ducts in Unit no. 1 to 5 PH I,II,III and Hydel at SGTPS, MPPGCL, Birsinghpur.]",2026_MPPGC_527994_1,11-Sep-2026 06:00 PM,09-Oct-2026 03:00 PM,14-Oct-2026 03:30 PM,Closing within 14 days,2026-10-08T19:56:31.650268+00:00
2026_MPPGC_527756_1,Madhya Pradesh Power Generating Company Limited,Madhya Pradesh Power Generating Company Limited||Chief Engineer(Gen.)-Satpura Thermal Power Station-Sarni - MPPGCL,"[Procurement of GTC Journal Sleeves for coal mill XRP-903 of PH-IV, STPS Sarni.]",2026_MPPGC_527756_1,08-Sep-2026 02:00 PM,09-Oct-2026 03:00 PM,13-Oct-2026 03:30 PM,Closing within 14 days,2026-10-08T19:56:31.672579+00:00
2026_MPPGC_531237_1,Madhya Pradesh Power Generating Company Limited,Madhya Pradesh Power Generating Company Limited||Chief Engineer(Gen.)-Sanjay Gandhi Thermal Power Station-Birsinghpur - MPPGCL,"[Procurement of smart positioners along with their installation and commissioning for pneumatic power cylinder for unit no. 1 to 4, SGTPS, MPPGCl, Birsinghpur.]",2026_MPPGC_531237_1,25-Aug-2026 06:00 PM,09-Oct-2026 03:00 PM,14-Oct-2026 03:30 PM,Closing within 14 days,2026-10-08T19:56:31.694788+00:00
2026_MPPGC_522343_1,Madhya Pradesh Power Generating Company Limited,Madhya Pradesh Power Generating Company Limited||Chief Engineer(Gen.)-Sanjay Gandhi Thermal Power Station-Birsinghpur - MPPGCL,"[Procurement of various size Copper and Aluminum terminals Lugs for Unit No. 5, 500 MW Unit, SGTPS, MPPGCL, Birsinghpur]",2026_MPPGC_522343_1,18-Aug-2026 06:00 PM,09-Oct-2026 03:00 PM,14-Oct-2026 03:30 PM,Closing within 14 days,2026-10-08T19:56:31.716880+00:00
2026_MPPGC_520595_1,Madhya Pradesh Power Generating Company Limited,Madhya Pradesh Power Generating Company Limited||Chief Engineer(Gen.)-Sanjay Gandhi Thermal Power Station-Birsinghpur - MPPGCL,"[Procurement of spares part for CCTV surveillance system of SGTPS, MPPGCL, Birsinghpur.]",2026_MPPGC_520595_1,25-Aug-2026 06:00 PM,09-Oct-2026 03:00 PM,14-Oct-2026 03:30 PM,Closing within 14 days,2026-10-08T19:56:31.739165+00:00
2026_MPPGC_536323_1,Madhya Pradesh Power Generating Company Limited,Madhya Pradesh Power Generating Company Limited||Chief Engineer(Gen.)-Sanjay Gandhi Thermal Power Station-Birsinghpur - MPPGCL,"[Deputation of service Engineer of Ms BHEL for servicing, calibration and testing of DAVR installed at 1x500MW unit, at SGTPS, MPPGCL, Birsinghpur.]",2026_MPPGC_536323_1,18-Sep-2026 06:00 PM,09-Oct-2026 03:00 PM,14-Oct-2026 03:30 PM,Closing within 14 days,2026-10-08T19:56:31.761274+00:00
2026_MPPGC_507816_1,Madhya Pradesh Power Generating Company Limited,Madhya Pradesh Power Generating Company Limited||Chief Engineer(Gen.)-Satpura Thermal Power Station-Sarni - MPPGCL,"[Procurement of spares for HP Turbine for COH of 250MW KWU Turbine Set of unit no. 11, STPS, MPPGCL, Sarni.]",2026_MPPGC_507816_1,04-Aug-2026 03:00 PM,09-Oct-2026 03:00 PM,13-Oct-2026 03:30 PM,Closing within 14 days,2026-10-08T19:56:31.783302+00:00
2026_MPPGC_517687_2,Madhya Pradesh Power Generating Company Limited,Madhya Pradesh Power Generating Company Limited||Addl Chief Engineer(THC)-Tons Hydel Power Station-Sirmour - MPPGCL,[Work Contract for PVC carpet flooring along with supply of material at various offices of THC Sirmour.],2026_MPPGC_517687_2,25-Sep-2026 06:00 PM,09-Oct-2026 03:00 PM,13-Oct-2026 03:00 PM,Closing within 14 days,2026-10-08T19:56:31.805555+00:00
2026_MPPGC_527679_2,Madhya Pradesh Power Generating Company Limited,Madhya Pradesh Power Generating Company Limited||Addl Chief Engineer(THC)-Tons Hydel Power Station-Sirmour - MPPGCL,[Procurement of valves for various power houses of THC Sirmour.],2026_MPPGC_527679_2,25-Sep-2026 06:00 PM,09-Oct-2026 03:00 PM,13-Oct-2026 03:00 PM,Closing within 14 days,2026-10-08T19:56:36.791586+00:00
2026_MPPGC_519237_1,Madhya Pradesh Power Generating Company Limited,Madhya Pradesh Power Generating Company Limited||Chief Engineer(Gen.)-Sanjay Gandhi Thermal Power Station-Birsinghpur - MPPGCL,"[Procurement of 33KV CT and PT at SGTPS, MPPGCL, Birsinghpur]",2026_MPPGC_519237_1,20-Aug-2026 06:00 PM,09-Oct-2026 03:00 PM,14-Oct-2026 03:30 PM,Closing within 14 days,2026-10-08T19:56:36.814105+00:00
2026_MPPGC_540037_1,Madhya Pradesh Power Generating Company Limited,Madhya Pradesh Power Generating Company Limited||Chief Engineer(Gen.)-Sanjay Gandhi Thermal Power Station-Birsinghpur - MPPGCL,"[Procurement of spares and servicing of M/s Bently Nevada make Vibration Monitoring System of Main Turbine for Unit No. 5 , 500 MW ,SGTPS,MPPGCL,Birsinghpur.]",2026_MPPGC_540037_1,03-Oct-2026 03:00 PM,09-Oct-2026 03:00 PM,14-Oct-2026 03:30 PM,Closing within 14 days,2026-10-08T19:56:36.836438+00:00
2026_MPPGC_517783_1,Madhya Pradesh Power Generating Company Limited,Madhya Pradesh Power Generating Company Limited||Chief Engineer(Gen.)-Sanjay Gandhi Thermal Power Station-Birsinghpur - MPPGCL,"[Procurement of check synchronizing and circuit breaker control switches for 220 KV feeders at SGTPS, MPPGCL, Birsinghpur]",2026_MPPGC_517783_1,01-Aug-2026 06:00 PM,09-Oct-2026 03:00 PM,14-Oct-2026 03:30 PM,Closing within 14 days,2026-10-08T19:56:36.858869+00:00
2026_MPPGC_526769_1,Madhya Pradesh Power Generating Company Limited,Madhya Pradesh Power Generating Company Limited||HQ Jabalpur - MPPGCL||SE (HM and SI)-Jabalpur - MPPGCL,"[Civil repair and maintenance works of CE (PRG) shed No 1, Shed no 2 and Chief Security Office Shed no 7 of MPPGCL Jabalpur.]",2026_MPPGC_526769_1,07-Sep-2026 05:00 PM,09-Oct-2026 03:30 PM,12-Oct-2026 04:00 PM,Closing within 14 days,2026-10-08T19:56:36.881392+00:00
2026_UAD_535344_1,Directorate Urban Administration and Development,Directorate Urban Administration and Development||Muncipal Corporations - UAD||Muncipal Corporation - Ratlam - UAD||Engineering (PWD) Deptt. - MC Ratlam - UAD,[CONSTRUCTION OF BITUMINIOUS ROAD AT WARD NO 48 SUBEDAR WALI ROAD VED VYAS COLONY RATLAM AS PER NIT AND ESTIMATE],2026_UAD_535344_1,10-Sep-2026 05:00 PM,09-Oct-2026 03:30 PM,12-Oct-2026 03:30 PM,Closing within 14 days,2026-10-08T19:56:36.903888+00:00
2026_UAD_535343_1,Directorate Urban Administration and Development,Directorate Urban Administration and Development||Muncipal Corporations - UAD||Muncipal Corporation - Ratlam - UAD||Engineering (PWD) Deptt. - MC Ratlam - UAD,[CONSTRUCTION OF CEMENT CONCRETE ROAD AT WARD NO 29 RAJSAV COLONY RATLAM AS PER NIT AND ESTIMATE],2026_UAD_535343_1,10-Sep-2026 05:00 PM,09-Oct-2026 03:30 PM,12-Oct-2026 03:30 PM,Closing within 14 days,2026-10-08T19:56:36.926649+00:00
2026_MPPGC_529286_1,Madhya Pradesh Power Generating Company Limited,Madhya Pradesh Power Generating Company Limited||Executive Director(Gen.)-Shri Singaji Thermal Power Station-Khandwa - MPPGCL,"[Procurement of insulation protection aluminum sheet (Cladding Sheet) for routine maintenance and AOH of Boiler at unit 3 and 4, 2X660MW, SSTPP, MPPGCL, Dongalia.]",2026_MPPGC_529286_1,08-Sep-2026 01:50 PM,09-Oct-2026 03:30 PM,13-Oct-2026 03:30 PM,Closing within 14 days,2026-10-08T19:56:36.949299+00:00
2026_MPPGC_531415_1,Madhya Pradesh Power Generating Company Limited,Madhya Pradesh Power Generating Company Limited||Chief Engineer(Gen.)-Sanjay Gandhi Thermal Power Station-Birsinghpur - MPPGCL,"[Work for transportation of garbage colony to solid waste plant pali at SGTPS, MPPGCL, Birsinghpur.]",2026_MPPGC_531415_1,22-Sep-2026 06:45 PM,09-Oct-2026 03:30 PM,13-Oct-2026 03:30 PM,Closing within 14 days,2026-10-08T19:56:36.971710+00:00
2026_UAD_536832_1,Directorate Urban Administration and Development,Directorate Urban Administration and Development||Smart Cities - UAD||Bhopal Smart City Development Corp.Ltd - UAD,"[Selection of Operator for Design, Development, Implementation, Operation and Maintenance of Paid Parking for On-Street and Off-Street Parking in Dusshera maidan T.T. Nagar for Bhopal Utsav Mela 2026]",2026_UAD_536832_1,18-Sep-2026 03:30 PM,09-Oct-2026 03:30 PM,12-Oct-2026 12:00 PM,Closing within 14 days,2026-10-08T19:56:36.994171+00:00
2026_MPPGC_534801_1,Madhya Pradesh Power Generating Company Limited,Madhya Pradesh Power Generating Company Limited||Chief Engineer(Gen.)-Sanjay Gandhi Thermal Power Station-Birsinghpur - MPPGCL,"[Hiring of One No. AC Mini Sedan Car with engine capacity up to 1200 CC (for petrol version for official duty of the S.E (Opn-I of PH-I at SGTPS, MPPGCL, Birsinghpur for period of 02 years]",2026_MPPGC_534801_1,28-Sep-2026 06:45 PM,09-Oct-2026 03:30 PM,13-Oct-2026 03:30 PM,Closing within 14 days,2026-10-08T19:56:42.072252+00:00
2026_MPP_537252_1,MP Police,MP Police||SP(HQ) Indore - MPP,[EQUPMENT PURCHASE],2026_MPP_537252_1,19-Sep-2026 10:00 AM,09-Oct-2026 04:00 PM,10-Oct-2026 04:00 PM,Closing within 14 days,2026-10-08T19:56:42.094315+00:00
2026_MPP_535637_1,MP Police,MP Police||Intelligence Bhopal - MPP,[Digital Forensic System and Accessories ],2026_MPP_535637_1,11-Sep-2026 05:15 PM,09-Oct-2026 04:00 PM,12-Oct-2026 04:00 PM,Closing within 14 days,2026-10-08T19:56:42.116582+00:00
2026_MPFD_537677_2,MP Forest Department,MP Forest Department||MP Forest - Shahdol Circle||Division Umaria,[ITEM SUPPLY OF OFFICE EXPENSES],2026_MPFD_537677_2,03-Oct-2026 10:00 AM,09-Oct-2026 04:30 PM,10-Oct-2026 05:00 PM,Closing within 14 days,2026-10-08T19:56:42.138574+00:00
2026_MPPHC_539522_1,MP Police Housing and Infrastructure Development Corporation Ltd,MP Police Housing and Infrastructure Development Corporation Ltd||Project Engineer Bhopal Division 01 - MPPHC,[Construction of Boundary wall IG office and Additional room at SP Office Narmadapuram],2026_MPPHC_539522_1,29-Sep-2026 06:55 PM,09-Oct-2026 05:00 PM,12-Oct-2026 10:00 AM,Closing within 14 days,2026-10-08T19:56:42.160558+00:00
2026_MPSAM_536977_1,MP State Agricultural Marketing Board,MP State Agricultural Marketing Board||Tech. Div. MPSAMB Gwalior,[Installation and operating Electronic Weigh bridge 10 MT at Mandi Yard Baroda Distt. Sheopur Under BOT Scheme IInd call],2026_MPSAM_536977_1,23-Sep-2026 10:00 AM,09-Oct-2026 05:00 PM,12-Oct-2026 11:00 AM,Closing within 14 days,2026-10-08T19:56:42.182651+00:00
2026_MPP_538884_1,MP Police,MP Police||SP Jabalpur - MPP,"[WORK OF DRANAGE, PROFILE SED ]",2026_MPP_538884_1,03-Oct-2026 06:00 PM,09-Oct-2026 05:00 PM,12-Oct-2026 12:00 PM,Closing within 14 days,2026-10-08T19:56:42.204695+00:00
2026_STDC_538605_1,MP State Tourism Development Corporation Ltd.,MP State Tourism Development Corporation Ltd.,"[Construction of Day shelter at Khandho Mata Mandir, Govindgarh, District Rewa]",2026_STDC_538605_1,26-Sep-2026 03:30 PM,09-Oct-2026 05:00 PM,12-Oct-2026 11:00 AM,Closing within 14 days,2026-10-08T19:56:42.226498+00:00
2026_MPP_538780_1,MP Police,MP Police||SP(HQ) Bhopal - MPP,[GARBA MAHOTSAV 2026 BHOPAL POLICE],2026_MPP_538780_1,25-Sep-2026 06:00 PM,09-Oct-2026 05:00 PM,10-Oct-2026 05:00 PM,Closing within 14 days,2026-10-08T19:56:42.248475+00:00
2026_MPSAM_536979_1,MP State Agricultural Marketing Board,MP State Agricultural Marketing Board||Tech. Div. MPSAMB Gwalior,[Installation and operating 2 Plate Electronic Weigh bridge 10 plus 50 MT at Mandi Yard Lahar Distt. Bhind Under BOT Scheme IInd call],2026_MPSAM_536979_1,23-Sep-2026 10:00 AM,09-Oct-2026 05:00 PM,12-Oct-2026 11:00 AM,Closing within 14 days,2026-10-08T19:56:42.270610+00:00
2026_MPSAM_536980_1,MP State Agricultural Marketing Board,MP State Agricultural Marketing Board||Tech. Div. MPSAMB Gwalior,[Installation and operating Electronic Weigh bridge 10 MT at Mandi Yard Lashkar Distt. Gwalior Under BOT Scheme IInd call],2026_MPSAM_536980_1,23-Sep-2026 10:00 AM,09-Oct-2026 05:00 PM,12-Oct-2026 11:00 AM,Closing within 14 days,2026-10-08T19:56:47.235706+00:00
2026_UAD_538716_1,Directorate Urban Administration and Development,Directorate Urban Administration and Development||Muncipal Corporations - UAD||Muncipal Corporation - Ratlam - UAD||Engineering (PWD) Deptt. - MC Ratlam - UAD,[Comprehensive work for the Municipal Corporation Ratlam involving the creation including design supply and on site installation of flex banners and hoardings of various sizes at different locations across the city as well as the supply of materials a],2026_UAD_538716_1,25-Sep-2026 05:15 PM,09-Oct-2026 05:00 PM,10-Oct-2026 05:00 PM,Closing within 14 days,2026-10-08T19:56:47.258275+00:00
2026_PKVVC_533765_1,Madhya Pradesh Poorv Kshetra Vidyut Vitaran Company Limited,"Madhya Pradesh Poorv Kshetra Vidyut Vitaran Company Limited||Chief Engineer(Rewa Region) - MPPKVVCL||SE(O and M) Satna - MPPKVVCL||EE(City Dn), Satna - MPPKVVCL",[Providing 03 No hiring of light motor Vehicle ie Ladder Jeep Equivalent of Maximum 03 Years on date of tender for FOC work in EE City Satna MP],2026_PKVVC_533765_1,03-Sep-2026 05:30 PM,09-Oct-2026 05:00 PM,12-Oct-2026 11:00 AM,Closing within 14 days,2026-10-08T19:56:47.280474+00:00
2026_MPSAM_536523_1,MP State Agricultural Marketing Board,MP State Agricultural Marketing Board,[Maintenance of Existing Structure and Maintenance of Covered auction platform At New mandi yard Kalamgaon of Mandi Samiti Pandhurna Distt. Seoni],2026_MPSAM_536523_1,17-Sep-2026 10:00 AM,09-Oct-2026 05:00 PM,12-Oct-2026 11:00 AM,Closing within 14 days,2026-10-08T19:56:47.302737+00:00
2026_MPSAM_536982_1,MP State Agricultural Marketing Board,MP State Agricultural Marketing Board||Tech. Div. MPSAMB Gwalior,[Installation and operating 2 Plate Electronic Weigh bridge 10 plus 50 MT at Mandi Yard Mehgaon Distt. Bhind Under BOT Scheme IIIrd call],2026_MPSAM_536982_1,23-Sep-2026 10:00 AM,09-Oct-2026 05:00 PM,12-Oct-2026 11:00 AM,Closing within 14 days,2026-10-08T19:56:47.324994+00:00
2026_MPSAM_536983_1,MP State Agricultural Marketing Board,MP State Agricultural Marketing Board||Tech. Div. MPSAMB Gwalior,[Installation and operating Electronic Weigh bridge 10 MT at Mandi Yard Rannod Distt. Shivpuri Under BOT Scheme IInd call],2026_MPSAM_536983_1,23-Sep-2026 10:00 AM,09-Oct-2026 05:00 PM,12-Oct-2026 11:00 AM,Closing within 14 days,2026-10-08T19:56:47.347044+00:00
2026_DGPCS_531234_1,Director General of Prisons and Correctional Services,Director General of Prisons and Correctional Services||District Jail Shahdol,[Hiring of Vehicles at Jila Jail Shahdol Dist Shahdol],2026_DGPCS_531234_1,20-Aug-2026 05:45 PM,09-Oct-2026 05:00 PM,10-Oct-2026 05:00 PM,Closing within 14 days,2026-10-08T19:56:47.369236+00:00
2026_MPSAM_536522_1,MP State Agricultural Marketing Board,MP State Agricultural Marketing Board,[Construction of CC approach and CC Internal road At New mandi yard Kalamgaon of Mandi Samiti Pandhurna Distt. Seoni],2026_MPSAM_536522_1,17-Sep-2026 10:00 AM,09-Oct-2026 05:00 PM,12-Oct-2026 11:00 AM,Closing within 14 days,2026-10-08T19:56:47.391410+00:00
2026_HED_535837_1,Department of Higher Education,Department of Higher Education||Indore - Govt Holkar Science College Indore,[Supply of stationery for SC/ST students],2026_HED_535837_1,11-Sep-2026 06:00 PM,09-Oct-2026 05:00 PM,13-Oct-2026 10:00 AM,Closing within 14 days,2026-10-08T19:56:47.413835+00:00
2026_UAD_498603_3,Directorate Urban Administration and Development,Directorate Urban Administration and Development||Muncipal Corporations - UAD||Muncipal Corporation-Bhopal - UAD||Parking - MC Bhopal- UAD,"[Selection of Service Provider for Implementation, Operation, Maintenance and Management Of Parking Locations developed by Municipal Corporation Bhopal Package]",2026_UAD_498603_3,18-Sep-2026 10:30 AM,09-Oct-2026 05:00 PM,12-Oct-2026 12:00 PM,Closing within 14 days,2026-10-08T19:56:47.436692+00:00
2026_UAD_498607_3,Directorate Urban Administration and Development,Directorate Urban Administration and Development||Muncipal Corporations - UAD||Muncipal Corporation-Bhopal - UAD||Parking - MC Bhopal- UAD,"[E-TENDER For Selection of Service Provider for Implementation, Operation, Maintenance and Management Of Parking Locations developed by Municipal Corporation Bhopal ]",2026_UAD_498607_3,18-Sep-2026 10:30 AM,09-Oct-2026 05:00 PM,12-Oct-2026 12:00 PM,Closing within 14 days,2026-10-08T19:56:52.381580+00:00
2026_UAD_498581_3,Directorate Urban Administration and Development,Directorate Urban Administration and Development||Muncipal Corporations - UAD||Muncipal Corporation-Bhopal - UAD||Parking - MC Bhopal- UAD,"[Selection of Service Provider for Implementation, Operation, Maintenance and Management Of Parking Locations developed by Municipal Corporation Bhopal ]",2026_UAD_498581_3,18-Sep-2026 10:30 AM,09-Oct-2026 05:00 PM,12-Oct-2026 12:00 PM,Closing within 14 days,2026-10-08T19:56:52.403710+00:00
2026_MPPHC_539523_1,MP Police Housing and Infrastructure Development Corporation Ltd,MP Police Housing and Infrastructure Development Corporation Ltd||Project Engineer Bhopal Division 01 - MPPHC,[Construction of 08 Seater barrack at Police chowki Padhar and Bhimpur and Repair Qtrs 05 to 06 at thana Bhaisdehi and Roof trectment work at cyber cell office SP office Betul],2026_MPPHC_539523_1,29-Sep-2026 06:55 PM,09-Oct-2026 05:00 PM,12-Oct-2026 10:00 AM,Closing within 14 days,2026-10-08T19:56:52.425750+00:00
2026_UAD_498582_3,Directorate Urban Administration and Development,Directorate Urban Administration and Development||Muncipal Corporations - UAD||Muncipal Corporation-Bhopal - UAD||Parking - MC Bhopal- UAD,"[E-TENDER For Selection of Service Provider for Implementation, Operation, Maintenance and Management Of Parking Locations developed by Municipal Corporation Bhopal]",2026_UAD_498582_3,18-Sep-2026 10:30 AM,09-Oct-2026 05:00 PM,12-Oct-2026 12:00 PM,Closing within 14 days,2026-10-08T19:56:52.447600+00:00
2026_UAD_498583_3,Directorate Urban Administration and Development,Directorate Urban Administration and Development||Muncipal Corporations - UAD||Muncipal Corporation-Bhopal - UAD||Parking - MC Bhopal- UAD,"[Selection of Service Provider for Implementation, Operation, Maintenance and Management Of Parking Locations developed by Municipal Corporation Bhopal ]",2026_UAD_498583_3,18-Sep-2026 10:30 AM,09-Oct-2026 05:00 PM,12-Oct-2026 12:00 PM,Closing within 14 days,2026-10-08T19:56:52.469508+00:00
2026_MPFD_536495_1,MP Forest Department,MP Forest Department||MP Forest - Ujjain Circle||Division Dewas,[HDPE/LDPE Polythene],2026_MPFD_536495_1,19-Sep-2026 10:00 AM,09-Oct-2026 05:00 PM,10-Oct-2026 05:00 PM,Closing within 14 days,2026-10-08T19:56:52.491960+00:00
2026_MPP_538878_1,MP Police,MP Police||SP Jabalpur - MPP,"[WORK OF LETBATH, PAVER BLOCK, PROFILE SED ]",2026_MPP_538878_1,03-Oct-2026 06:00 PM,09-Oct-2026 05:00 PM,12-Oct-2026 12:00 PM,Closing within 14 days,2026-10-08T19:56:52.513876+00:00
2026_UAD_498586_3,Directorate Urban Administration and Development,Directorate Urban Administration and Development||Muncipal Corporations - UAD||Muncipal Corporation-Bhopal - UAD||Parking - MC Bhopal- UAD,"[Selection of Service Provider for Implementation, Operation, Maintenance and Management Of Parking Locations developed by Municipal Corporation Bhopal ]",2026_UAD_498586_3,18-Sep-2026 10:30 AM,09-Oct-2026 05:00 PM,12-Oct-2026 12:00 PM,Closing within 14 days,2026-10-08T19:56:52.535929+00:00
2026_UAD_498587_3,Directorate Urban Administration and Development,Directorate Urban Administration and Development||Muncipal Corporations - UAD||Muncipal Corporation-Bhopal - UAD||Parking - MC Bhopal- UAD,"[Selection of Service Provider for Implementation, Operation, Maintenance and Management Of Parking Locations developed by Municipal Corporation Bhopal ]",2026_UAD_498587_3,18-Sep-2026 10:30 AM,09-Oct-2026 05:00 PM,12-Oct-2026 12:00 PM,Closing within 14 days,2026-10-08T19:56:52.557897+00:00
2026_UAD_498588_3,Directorate Urban Administration and Development,Directorate Urban Administration and Development||Muncipal Corporations - UAD||Muncipal Corporation-Bhopal - UAD||Parking - MC Bhopal- UAD,"[Selection of Service Provider for Implementation, Operation, Maintenance and Management Of Parking Locations developed by Municipal Corporation Bhopal ]",2026_UAD_498588_3,18-Sep-2026 10:30 AM,09-Oct-2026 05:00 PM,12-Oct-2026 12:00 PM,Closing within 14 days,2026-10-08T19:56:52.579807+00:00
2026_UAD_498592_3,Directorate Urban Administration and Development,Directorate Urban Administration and Development||Muncipal Corporations - UAD||Muncipal Corporation-Bhopal - UAD||Parking - MC Bhopal- UAD,"[Selection of Service Provider for Implementation, Operation, Maintenance and Management Of Parking Locations developed by Municipal Corporation Bhopal ]",2026_UAD_498592_3,18-Sep-2026 10:30 AM,09-Oct-2026 05:00 PM,12-Oct-2026 12:00 PM,Closing within 14 days,2026-10-08T19:56:57.546989+00:00
2026_UAD_498593_2,Directorate Urban Administration and Development,Directorate Urban Administration and Development||Muncipal Corporations - UAD||Muncipal Corporation-Bhopal - UAD||Parking - MC Bhopal- UAD,"[Selection of Service Provider for Implementation, Operation, Maintenance and Management Of Parking Locations developed by Municipal Corporation Bhopal ]",2026_UAD_498593_2,18-Sep-2026 10:30 AM,09-Oct-2026 05:00 PM,12-Oct-2026 12:00 PM,Closing within 14 days,2026-10-08T19:56:57.569085+00:00
2026_UAD_473279_4,Directorate Urban Administration and Development,Directorate Urban Administration and Development||Muncipal Corporations - UAD||Muncipal Corporation-Bhopal - UAD||Parking - MC Bhopal- UAD,[Selection of Service Provider for Implementation Operation Maintenance and Management of PARKING Location Developed by Municipal Corporation Bhopal],2026_UAD_473279_4,18-Sep-2026 10:30 AM,09-Oct-2026 05:00 PM,12-Oct-2026 12:00 PM,Closing within 14 days,2026-10-08T19:56:57.591149+00:00
2026_UAD_488634_2,Directorate Urban Administration and Development,Directorate Urban Administration and Development||Muncipal Corporations - UAD||Muncipal Corporation-Bhopal - UAD||Parking - MC Bhopal- UAD,"[E-TENDER For Selection of Service Provider for Implementation, Operation, Maintenance and Management Of Parking Locations developed by Municipal Corporation Bhopal]",2026_UAD_488634_2,18-Sep-2026 10:30 AM,09-Oct-2026 05:00 PM,12-Oct-2026 12:00 PM,Closing within 14 days,2026-10-08T19:56:57.613330+00:00
2026_MPFD_536490_1,MP Forest Department,MP Forest Department||MP Forest - Ujjain Circle||Division Dewas,[Desktop Computer and Printer],2026_MPFD_536490_1,19-Sep-2026 10:00 AM,09-Oct-2026 05:00 PM,10-Oct-2026 05:00 PM,Closing within 14 days,2026-10-08T19:56:57.635424+00:00
2026_MPSAM_536526_1,MP State Agricultural Marketing Board,MP State Agricultural Marketing Board,"[Water arrangement work such as Tube well, Pump house, Piyao and Pipe line At New mandi yard Kalamgaon of Mandi Samiti Pandhurna Distt. Seoni]",2026_MPSAM_536526_1,17-Sep-2026 10:00 AM,09-Oct-2026 05:00 PM,12-Oct-2026 11:00 AM,Closing within 14 days,2026-10-08T19:56:57.657666+00:00
2026_MPSAM_536525_1,MP State Agricultural Marketing Board,MP State Agricultural Marketing Board,[Construction of Compound wall and Main gate with Check post 2 Nos. At New mandi yard Kalamgaon of Mandi Samiti Pandhurna Distt. Seoni],2026_MPSAM_536525_1,17-Sep-2026 10:00 AM,09-Oct-2026 05:00 PM,12-Oct-2026 11:00 AM,Closing within 14 days,2026-10-08T19:56:57.679879+00:00
2026_UAD_534155_1,Directorate Urban Administration and Development,Directorate Urban Administration and Development||Join Director-Indore Division - UAD||Dhar -Nagar Palika Pithampur - UAD,[Supply of Hand Pump Material for financial year 2026-27],2026_UAD_534155_1,10-Sep-2026 11:00 AM,09-Oct-2026 05:30 PM,12-Oct-2026 11:00 AM,Closing within 14 days,2026-10-08T19:56:57.704155+00:00
2026_UAD_535141_1,Directorate Urban Administration and Development,Directorate Urban Administration and Development||Join Director-Indore Division - UAD||Dhar -Nagar Palika Pithampur - UAD,[Supply of Water Supply Material for financial year 2026-27],2026_UAD_535141_1,10-Sep-2026 12:40 PM,09-Oct-2026 05:30 PM,12-Oct-2026 11:00 AM,Closing within 14 days,2026-10-08T19:56:57.726839+00:00
2026_UAD_535142_1,Directorate Urban Administration and Development,Directorate Urban Administration and Development||Join Director-Indore Division - UAD||Dhar -Nagar Palika Pithampur - UAD,[Supply of Electric Material for financial year 2026-27],2026_UAD_535142_1,10-Sep-2026 12:40 PM,09-Oct-2026 05:30 PM,12-Oct-2026 11:00 AM,Closing within 14 days,2026-10-08T19:56:57.749030+00:00
2026_UAD_535213_1,Directorate Urban Administration and Development,Directorate Urban Administration and Development||Muncipal Corporations - UAD||Muncipal Corporation - Morena - UAD||General Administration Deptt. - MC Morena - UAD,[2026/E-Tender/634/ward 11],2026_UAD_535213_1,10-Sep-2026 04:00 PM,09-Oct-2026 05:30 PM,12-Oct-2026 09:00 AM,Closing within 14 days,2026-10-08T19:57:02.694713+00:00
2026_UAD_535014_1,Directorate Urban Administration and Development,Directorate Urban Administration and Development||Muncipal Corporations - UAD||Muncipal Corporation - Morena - UAD||General Administration Deptt. - MC Morena - UAD,[2026/E-Tender/641/ward 21],2026_UAD_535014_1,10-Sep-2026 04:00 PM,09-Oct-2026 05:30 PM,12-Oct-2026 09:00 AM,Closing within 14 days,2026-10-08T19:57:02.716711+00:00
2026_UAD_535279_1,Directorate Urban Administration and Development,Directorate Urban Administration and Development||Muncipal Corporations - UAD||Muncipal Corporation-Bhopal - UAD||Civil - MC Bhopal- UAD,[CONSTRUCTION OF C.C. ROAD AND ROAD CROSS AISHABAG WARD OFFICE 39 TO SUVIDHA ELECTRANICS AISHABAG HOUSING BOARD COLONY AT WARD NO.39 ZONE NO.11],2026_UAD_535279_1,10-Sep-2026 04:30 PM,09-Oct-2026 05:30 PM,12-Oct-2026 11:00 AM,Closing within 14 days,2026-10-08T19:57:02.738715+00:00
2026_UAD_535404_1,Directorate Urban Administration and Development,Directorate Urban Administration and Development||Muncipal Corporations - UAD||Muncipal Corporation-Bhopal - UAD||Civil - MC Bhopal- UAD,[ CONSTRUCTION OF DRAIN AT SUNDAR NAGAR IN WARD NO.71 ZONE NO.11],2026_UAD_535404_1,10-Sep-2026 05:30 PM,09-Oct-2026 05:30 PM,12-Oct-2026 11:00 AM,Closing within 14 days,2026-10-08T19:57:02.760739+00:00
2026_UAD_535034_1,Directorate Urban Administration and Development,Directorate Urban Administration and Development||Muncipal Corporations - UAD||Muncipal Corporation-Bhopal - UAD||Civil - MC Bhopal- UAD,[CONSTRUCTION OF R.C.C DRAIN H SECTOR EWS AYODHYA NAGAR WARD 68 ZONE 16],2026_UAD_535034_1,10-Sep-2026 06:00 PM,09-Oct-2026 05:30 PM,12-Oct-2026 11:00 AM,Closing within 14 days,2026-10-08T19:57:02.783046+00:00
2026_UAD_535039_1,Directorate Urban Administration and Development,Directorate Urban Administration and Development||Muncipal Corporations - UAD||Muncipal Corporation-Bhopal - UAD||Civil - MC Bhopal- UAD,[CONSTRUCTION OF CC ROAD AT MARUTI VIHAR MAIN ROAD WARD 68 ZONE 16],2026_UAD_535039_1,10-Sep-2026 06:00 PM,09-Oct-2026 05:30 PM,12-Oct-2026 11:00 AM,Closing within 14 days,2026-10-08T19:57:02.805402+00:00
2026_UAD_535043_1,Directorate Urban Administration and Development,Directorate Urban Administration and Development||Muncipal Corporations - UAD||Muncipal Corporation-Bhopal - UAD||Civil - MC Bhopal- UAD,"[CONSTRUCTION OF R.C.C DRAIN AT RAMESH YADAV , MANISH PAL ,SHARMA, DINESH LODHI ,VIJAY CYCLE MANU WALI GALI MUKESH VISHWKARMA AT KAILASH NAGAE WARD 74 ZONE 16]",2026_UAD_535043_1,10-Sep-2026 06:15 PM,09-Oct-2026 05:30 PM,12-Oct-2026 11:00 AM,Closing within 14 days,2026-10-08T19:57:02.829394+00:00
2026_UAD_535045_1,Directorate Urban Administration and Development,Directorate Urban Administration and Development||Muncipal Corporations - UAD||Muncipal Corporation-Bhopal - UAD||Civil - MC Bhopal- UAD,"[CONSTRUCTION OF C.C ROAD WORK MEENAL RAIKAWAR ,DURGA MANDIR RAWEEL WALI GALI CHOTI WALI GALI AT KAILASH NAGAR WARD 74 ZONE 16]",2026_UAD_535045_1,10-Sep-2026 06:20 PM,09-Oct-2026 05:30 PM,12-Oct-2026 11:00 AM,Closing within 14 days,2026-10-08T19:57:02.851583+00:00
2026_UAD_535892_1,Directorate Urban Administration and Development,Directorate Urban Administration and Development||Muncipal Corporations - UAD||Muncipal Corporation-Jabalpur - UAD||Water Supply (PHE) Deptt. - MC Jabalpur - UAD,[Construction of Balance Infrastructure Development Work in Jabalpur under Pradhan Mantri Awas Yojana (U) AHP component at Mohaniya],2026_UAD_535892_1,12-Sep-2026 12:20 PM,09-Oct-2026 05:30 PM,12-Oct-2026 10:00 AM,Closing within 14 days,2026-10-08T19:57:02.873722+00:00
2026_MPSAM_535568_1,MP State Agricultural Marketing Board,MP State Agricultural Marketing Board||Tech. Div. MPSAMB Khargone,"[Repairing and painting work main mandi yard Barwaha, increasing the platform height of existing sheds main mandi yard Barwaha]",2026_MPSAM_535568_1,17-Sep-2026 10:30 AM,09-Oct-2026 05:30 PM,12-Oct-2026 11:30 AM,Closing within 14 days,2026-10-08T19:57:02.895971+00:00
2026_MPLUN_536837_1,MP Laghu Udyog Nigam Ltd,MP Laghu Udyog Nigam Ltd||General Manager (E and C ) -Division 01 Bhopal,[CONSTRUCTION OF MULTI-STOREY-FLATTED INDUSTRIAL PARK AT GOVINDPURA INDUSTRIES (WITH FUTURE EXPANSION) AT DISTRICT BHOPAL],2026_MPLUN_536837_1,17-Sep-2026 05:30 PM,09-Oct-2026 05:30 PM,12-Oct-2026 10:30 AM,Closing within 14 days,2026-10-08T19:57:07.883439+00:00
2026_NVDA_537032_1,Narmada Valley Development Authority,Narmada Valley Development Authority||Chief Engineer E and M||EE E and M Div No 2 Barginagar Nagar Jabalpur,"[FOR THE WORK OF REPAIR AND MAINTENANCE OF C.R AND H.R. GATES AT R.D. 9.74 Km. OF PATAN BRANCH CANAL, AT R.D. 6.20 KM. AND R.D. 10.20 KM. OF BELKHEDI DISTRIBUTORY CANAL OF L.B.C., R.A.B.L.S PROJECT.]",2026_NVDA_537032_1,18-Sep-2026 05:30 PM,09-Oct-2026 05:30 PM,12-Oct-2026 10:30 AM,Closing within 14 days,2026-10-08T19:57:07.905861+00:00
2026_NVDA_537044_1,Narmada Valley Development Authority,Narmada Valley Development Authority||Chief Engineer E and M||EE E and M Div No 2 Barginagar Nagar Jabalpur,[FOR THE WORK OF FABRICATION AND ERECTION OF STEEL TRUSS FOOTBRIDGE AT R.D. 27.00 KM OF HARERI BRANCH CANAL (O/T R.D. 66.995 KM) OF L.B.C. MAIN CANAL OF R.A.B.L.S. PROJECT.],2026_NVDA_537044_1,18-Sep-2026 05:30 PM,09-Oct-2026 05:30 PM,12-Oct-2026 10:30 AM,Closing within 14 days,2026-10-08T19:57:07.928099+00:00
2026_NVDA_537049_1,Narmada Valley Development Authority,Narmada Valley Development Authority||Chief Engineer E and M||EE E and M Div No 2 Barginagar Nagar Jabalpur,[FOR THE WORK OF REPAIR AND MAINTENANCE OF GODBOLE (AUTOMATIC FLOW REGULATING) GATES AT RD 11.400 KM OF RIGHT BANK CANAL OF BARGI DIVERSION PROJECT.],2026_NVDA_537049_1,18-Sep-2026 05:30 PM,09-Oct-2026 05:30 PM,12-Oct-2026 10:30 AM,Closing within 14 days,2026-10-08T19:57:07.950231+00:00
2026_NVDA_537051_1,Narmada Valley Development Authority,Narmada Valley Development Authority||Chief Engineer E and M||EE E and M Div No 2 Barginagar Nagar Jabalpur,[FOR THE WORK OF REPAIR WORK OF 6 INCH DIA C.I. PIPE LINE NEAR CULVERT MAIN ROAD AND REST HOUSE MAIN ROAD AT BARGI HILLS COLONY JABALPUR.],2026_NVDA_537051_1,18-Sep-2026 05:30 PM,09-Oct-2026 05:30 PM,12-Oct-2026 10:30 AM,Closing within 14 days,2026-10-08T19:57:07.972473+00:00
2026_PWDRB_537035_1,PWD- Roads and Bridges,PWD- Roads and Bridges||Bhopal CE Capital Zone - PWD||Bhopal E and M Division-1 EE Zone Capital PWD,"[For Providing Electrification 1st Call. P. A. C. 3254255.00 on Electrical SOR 01-01-2024, Completion period 365 Days (i/c rainy season)]",2026_PWDRB_537035_1,21-Sep-2026 10:30 AM,09-Oct-2026 05:30 PM,12-Oct-2026 10:30 AM,Closing within 14 days,2026-10-08T19:57:07.994831+00:00
2026_NVDA_537063_1,Narmada Valley Development Authority,Narmada Valley Development Authority||Chief Engineer E and M||EE E and M Div No 2 Barginagar Nagar Jabalpur,[FOR THE WORK OF REPAIR OF 40HP KIRLOSKAR MOTOR WITH OPENING AND SHIFTING FROM BLOCK NO. 37 TO RIGHT SECTION AND STANDBY MOTOR 40 HP. SHIFTING FROM BLOCK NO. 37 TO RIGHT SECTION TO BLOCK NO. 37 RIGHT GALLERY OF R.A.B.L.S. PROJECT.],2026_NVDA_537063_1,18-Sep-2026 05:30 PM,09-Oct-2026 05:30 PM,12-Oct-2026 10:30 AM,Closing within 14 days,2026-10-08T19:57:08.016968+00:00
2026_PWDRB_537037_1,PWD- Roads and Bridges,PWD- Roads and Bridges||Bhopal CE Capital Zone - PWD||Bhopal E and M Division-1 EE Zone Capital PWD,"[For Providing Electrification 1st Call. P. A. C. 3358899.00 on Electrical SOR 01-01-2024, Completion period 365 Days (i/c rainy season)]",2026_PWDRB_537037_1,21-Sep-2026 10:30 AM,09-Oct-2026 05:30 PM,12-Oct-2026 10:30 AM,Closing within 14 days,2026-10-08T19:57:08.039312+00:00
2026_NVDA_537066_1,Narmada Valley Development Authority,Narmada Valley Development Authority||Chief Engineer E and M||EE E and M Div No 2 Barginagar Nagar Jabalpur,[FOR THE WORK OF REPAIR AND MAINTENANCE OF H.R. GATES OF SALIWARA MINOR AND ITS SUB MINOR AT R.D. 22.86 KM. RIGHT BANK MAIN CANAL BARGI PROJECT.],2026_NVDA_537066_1,18-Sep-2026 05:30 PM,09-Oct-2026 05:30 PM,12-Oct-2026 10:30 AM,Closing within 14 days,2026-10-08T19:57:08.061591+00:00
2026_PWDRB_537039_1,PWD- Roads and Bridges,PWD- Roads and Bridges||Bhopal CE Capital Zone - PWD||Bhopal E and M Division-1 EE Zone Capital PWD,"[For Providing Electrification 1st Call. P. A. C. 3228016.00 on Electrical SOR 01-01-2024, Completion period 365 Days (i/c rainy season)]",2026_PWDRB_537039_1,21-Sep-2026 10:30 AM,09-Oct-2026 05:30 PM,12-Oct-2026 10:30 AM,Closing within 14 days,2026-10-08T19:57:08.083862+00:00
2026_PWDRB_537040_1,PWD- Roads and Bridges,PWD- Roads and Bridges||Bhopal CE Capital Zone - PWD||Bhopal E and M Division-1 EE Zone Capital PWD,"[For Providing Electrification 1st Call. P. A. C. 3105378.00 on Electrical SOR 01-01-2024, Completion period 365 Days (i/c rainy season)]",2026_PWDRB_537040_1,21-Sep-2026 10:30 AM,09-Oct-2026 05:30 PM,12-Oct-2026 10:30 AM,Closing within 14 days,2026-10-08T19:57:13.050749+00:00
2026_PWDRB_537190_1,PWD- Roads and Bridges,PWD- Roads and Bridges||Bhopal CE Capital Zone - PWD||Bhopal Division-2 EE Zone Capital PWD,"[White Washing, Colour Washing, Distempering and Painting Works in Bunglow No. E-8/21 to E-8/1, E-9/9 to E-9/1, E-11/1 to E-11/12 Inner and Outer side at Char Emli Section No.01 Under P.W.D. Survey Sub Division Bhopal]",2026_PWDRB_537190_1,21-Sep-2026 10:30 AM,09-Oct-2026 05:30 PM,12-Oct-2026 10:30 AM,Closing within 14 days,2026-10-08T19:57:13.073100+00:00
2026_PWDRB_537191_1,PWD- Roads and Bridges,PWD- Roads and Bridges||Bhopal CE Capital Zone - PWD||Bhopal Division-2 EE Zone Capital PWD,"[White Washing, Colour Washing, Distempering and Painting Works in Bunglow No. DX-A,DX-B,DX-C,DX-D,DX-E and D-11/1 to D-11/21,D-1 ,D-2 Inner and Outer side at Char Emli Section No.01 Under P.W.D. Survey Sub Division Bhopal]",2026_PWDRB_537191_1,21-Sep-2026 10:30 AM,09-Oct-2026 05:30 PM,12-Oct-2026 10:30 AM,Closing within 14 days,2026-10-08T19:57:13.095506+00:00
2026_PWDRB_537192_1,PWD- Roads and Bridges,PWD- Roads and Bridges||Bhopal CE Capital Zone - PWD||Bhopal Division-2 EE Zone Capital PWD,"[White Washing, Colour Washing, Distempering and Painting Works in Bunglow No. D-3/1 to D-3/21 and D-4/17 to D-4/21 Inner and Outer side at Char Emli Section No.02 Under P.W.D. Survey Sub Division Bhopal]",2026_PWDRB_537192_1,21-Sep-2026 10:30 AM,09-Oct-2026 05:30 PM,12-Oct-2026 10:30 AM,Closing within 14 days,2026-10-08T19:57:13.117804+00:00
2026_PWDRB_537193_1,PWD- Roads and Bridges,PWD- Roads and Bridges||Bhopal CE Capital Zone - PWD||Bhopal Division-2 EE Zone Capital PWD,"[White Washing, Colour Washing, Distempering and Painting Works in Bunglow No. D-4/17 to D-4/21, D-3/23, D-3/24 and G-1 to G-12 Inner and Outer side at Char Emli Section No.02 Under P.W.D. Survey Sub Division Bhopal]",2026_PWDRB_537193_1,21-Sep-2026 10:30 AM,09-Oct-2026 05:30 PM,12-Oct-2026 10:30 AM,Closing within 14 days,2026-10-08T19:57:13.140094+00:00
2026_PWDRB_537194_1,PWD- Roads and Bridges,PWD- Roads and Bridges||Bhopal CE Capital Zone - PWD||Bhopal Division-2 EE Zone Capital PWD,"[White Washing, Colour Washing, Distempering and Painting Works in Bunglow No. B-13 to B-23 Inner and Outer side at Char Emli Section No.02 Under P.W.D. Survey Sub Division Bhopal]",2026_PWDRB_537194_1,21-Sep-2026 09:30 AM,09-Oct-2026 05:30 PM,12-Oct-2026 10:30 AM,Closing within 14 days,2026-10-08T19:57:13.162268+00:00
2026_PWDRB_537195_1,PWD- Roads and Bridges,PWD- Roads and Bridges||Bhopal CE Capital Zone - PWD||Bhopal Division-2 EE Zone Capital PWD,"[White Washing, Colour Washing, Distempering and Painting Works in Bunglow No. D-1 to D-30 Upant Colony Inner and Outer side at Char Emli Section No.03 Under P.W.D. Survey Sub Division Bhopal]",2026_PWDRB_537195_1,21-Sep-2026 10:30 AM,09-Oct-2026 05:30 PM,12-Oct-2026 10:30 AM,Closing within 14 days,2026-10-08T19:57:13.184567+00:00
2026_PWDRB_537196_1,PWD- Roads and Bridges,PWD- Roads and Bridges||Bhopal CE Capital Zone - PWD||Bhopal Division-2 EE Zone Capital PWD,"[White Washing, Colour Washing, Distempering and Painting Works in Bunglow No. EN-1/1 to EN-1/27 Inner and Outer side at Char Emli Section No.03 Under P.W.D. Survey Sub Division Bhopal]",2026_PWDRB_537196_1,21-Sep-2026 10:30 AM,09-Oct-2026 05:30 PM,12-Oct-2026 10:30 AM,Closing within 14 days,2026-10-08T19:57:13.206989+00:00
2026_PWDRB_537197_1,PWD- Roads and Bridges,PWD- Roads and Bridges||Bhopal CE Capital Zone - PWD||Bhopal Division-2 EE Zone Capital PWD,"[White Washing, Colour Washing, Distempering and Painting Works in Bunglow No. F-5/1 to F-5/64 and F-6/1 to F-6/32 Inner and Outer side at Char Emli Section No.04 Under P.W.D. Survey Sub Division Bhopal]",2026_PWDRB_537197_1,21-Sep-2026 10:30 AM,09-Oct-2026 05:30 PM,12-Oct-2026 10:30 AM,Closing within 14 days,2026-10-08T19:57:13.229132+00:00
2026_PWDRB_537198_1,PWD- Roads and Bridges,PWD- Roads and Bridges||Bhopal CE Capital Zone - PWD||Bhopal Division-2 EE Zone Capital PWD,"[White Washing, Colour Washing, Distempering and Painting Works in Bunglow No. E-7/9 to E-7/28 and E-6/5A, E-6/5C Inner and Outer side at Char Emli Section No.04 Under P.W.D. Survey Sub Division Bhopal]",2026_PWDRB_537198_1,21-Sep-2026 10:30 AM,09-Oct-2026 05:30 PM,12-Oct-2026 10:30 AM,Closing within 14 days,2026-10-08T19:57:13.251325+00:00
2026_PWDRB_537428_1,PWD- Roads and Bridges,PWD- Roads and Bridges||Bhopal CE Capital Zone - PWD||Raisen EE Zone Capital PWD,[PATCH REPAIR WORK OF AR ROADS UNDER RAISEN PWD DIVISION RAISEN.],2026_PWDRB_537428_1,21-Sep-2026 05:30 PM,09-Oct-2026 05:30 PM,12-Oct-2026 10:30 AM,Closing within 14 days,2026-10-08T19:57:18.222898+00:00
2026_PWDRB_536826_1,PWD- Roads and Bridges,PWD- Roads and Bridges||Bhopal CE Capital Zone - PWD||Sehore EE Zone Capital PWD,[Strenghtening work of Kothri Gawakheda mullani Road Length 3.00 km],2026_PWDRB_536826_1,21-Sep-2026 12:00 PM,09-Oct-2026 05:30 PM,12-Oct-2026 10:30 AM,Closing within 14 days,2026-10-08T19:57:18.244989+00:00
2026_PWDRB_537433_1,PWD- Roads and Bridges,PWD- Roads and Bridges||Bhopal CE Capital Zone - PWD||Raisen EE Zone Capital PWD,[BT RENEWAL WORK OF PMGSY AT PANJRA KASHIRAM TO KHERI PRATAPGARH SEMRI KHUBCHAND ROAD LENGTH 2.86 KM. ],2026_PWDRB_537433_1,21-Sep-2026 05:30 PM,09-Oct-2026 05:30 PM,12-Oct-2026 10:30 AM,Closing within 14 days,2026-10-08T19:57:18.267012+00:00
2026_PWDRB_537434_1,PWD- Roads and Bridges,PWD- Roads and Bridges||Bhopal CE Capital Zone - PWD||Raisen EE Zone Capital PWD,[B.T. PATCH REPAIR IN VARIOUS ROAD UNDER PWD SUB DIVISION BARELI. ],2026_PWDRB_537434_1,21-Sep-2026 05:30 PM,09-Oct-2026 05:30 PM,12-Oct-2026 10:30 AM,Closing within 14 days,2026-10-08T19:57:18.289024+00:00
2026_PWDRB_537442_1,PWD- Roads and Bridges,PWD- Roads and Bridges||Bhopal CE Capital Zone - PWD||Raisen EE Zone Capital PWD,[B.T. PATCH REPAIR IN VARIOUS ROAD UNDER PWD SUB DIVISION OBEDULLAGANJ],2026_PWDRB_537442_1,21-Sep-2026 05:00 PM,09-Oct-2026 05:30 PM,12-Oct-2026 10:30 AM,Closing within 14 days,2026-10-08T19:57:18.310913+00:00
2026_PWDRB_536988_1,PWD- Roads and Bridges,PWD- Roads and Bridges||Bhopal CE Capital Zone - PWD||Bhopal E and M Division-2 EE Zone Capital PWD,"[ITEMS FOR REFRIGERATOR, GEYSER, INVERTER, AND RO AT KITCHEN OLD HOTEL PACHMARHI DIST NARMADAPURAM]",2026_PWDRB_536988_1,21-Sep-2026 02:00 PM,09-Oct-2026 05:30 PM,12-Oct-2026 10:30 AM,Closing within 14 days,2026-10-08T19:57:18.332965+00:00
2026_PWDRB_536827_1,PWD- Roads and Bridges,PWD- Roads and Bridges||Bhopal CE Capital Zone - PWD||Sehore EE Zone Capital PWD,[Construction of Amla Ramjipura to Barkheda Kurmi Road Length 3.00 km],2026_PWDRB_536827_1,21-Sep-2026 12:00 PM,09-Oct-2026 05:30 PM,12-Oct-2026 10:30 AM,Closing within 14 days,2026-10-08T19:57:18.354929+00:00
2026_PWDRB_537449_1,PWD- Roads and Bridges,PWD- Roads and Bridges||Bhopal CE Capital Zone - PWD||Raisen EE Zone Capital PWD,[BARRICADING WORK FOR VIP PROGRAMME UNDER PWD SUB DIVISION BARELI. ],2026_PWDRB_537449_1,21-Sep-2026 05:00 PM,09-Oct-2026 05:30 PM,12-Oct-2026 10:30 AM,Closing within 14 days,2026-10-08T19:57:18.377008+00:00
2026_PWDRB_536989_1,PWD- Roads and Bridges,PWD- Roads and Bridges||Bhopal CE Capital Zone - PWD||Bhopal E and M Division-2 EE Zone Capital PWD,[ZONAL ELECTRIFICATION INSTALLATION MOW DEPOSIT RESTORATION / RENOVATION TO RB AND NRB AT BLOCK BETUL BHIMPUR CHICHOLI DIST. BETUL MP],2026_PWDRB_536989_1,21-Sep-2026 02:00 PM,09-Oct-2026 05:30 PM,12-Oct-2026 10:30 AM,Closing within 14 days,2026-10-08T19:57:18.399052+00:00
2026_PWDRB_537457_1,PWD- Roads and Bridges,PWD- Roads and Bridges||Bhopal CE Capital Zone - PWD||Raisen EE Zone Capital PWD,[BARRICADING WORK FOR VIP PROGRAMME UNDER PWD SUB DIVISION OBEDULLAGANJ.],2026_PWDRB_537457_1,21-Sep-2026 05:00 PM,09-Oct-2026 05:30 PM,12-Oct-2026 10:30 AM,Closing within 14 days,2026-10-08T19:57:18.420916+00:00
2026_PWDRB_536828_1,PWD- Roads and Bridges,PWD- Roads and Bridges||Bhopal CE Capital Zone - PWD||Sehore EE Zone Capital PWD,[B.T. Renewal Work in different Road in PWD Sub Division Ashta Division Sehore (1) SH-18 to Atraliya khajdakhada Road 2.00 KM (2) Ashta jaganthpura to Anandipura Road L-3.60 km (3) sangakhadi jod to Patada Chouhan Road L-1.04 km (4) Bhopal Dewas (ol],2026_PWDRB_536828_1,21-Sep-2026 12:20 PM,09-Oct-2026 05:30 PM,12-Oct-2026 10:30 AM,Closing within 14 days,2026-10-08T19:57:23.403201+00:00
2026_PWDRB_536990_1,PWD- Roads and Bridges,PWD- Roads and Bridges||Bhopal CE Capital Zone - PWD||Bhopal E and M Division-2 EE Zone Capital PWD,[POLE SHIFTING IN CONSTRUCTION OF ROAD FROM VILLAGE MAHUAKHEDA TO RUSALLI (3.50 KM) DIST VIDISHA],2026_PWDRB_536990_1,21-Sep-2026 02:00 PM,09-Oct-2026 05:30 PM,12-Oct-2026 10:30 AM,Closing within 14 days,2026-10-08T19:57:23.425433+00:00
2026_PWDRB_537490_1,PWD- Roads and Bridges,PWD- Roads and Bridges||Bhopal CE Capital Zone - PWD||Rajgarh EE Zone Capital PWD,[Special Repair work of F-5 type Quarter Ram Leela Colony Rajgarh],2026_PWDRB_537490_1,21-Sep-2026 03:00 PM,09-Oct-2026 05:30 PM,12-Oct-2026 10:30 AM,Closing within 14 days,2026-10-08T19:57:23.447571+00:00
2026_PWPIU_537478_1,PWD-PIU,PWD-PIU||Rewa APD PIU PWD||Singrauli DPE PIU PWD,"[CONSTRUCTION OF EXTERNAL ELECTRIFICATION AT VARIOUS UNDER COSNTRUCTION BUILDING (ZONAL TENDER) IN DISTT, SINGRAULI MP]",2026_PWPIU_537478_1,21-Sep-2026 03:00 PM,09-Oct-2026 05:30 PM,12-Oct-2026 11:00 AM,Closing within 14 days,2026-10-08T19:57:23.469654+00:00
2026_PWDRB_537501_1,PWD- Roads and Bridges,PWD- Roads and Bridges||Bhopal CE Capital Zone - PWD||Rajgarh EE Zone Capital PWD,[Special Repair work For F-2 type Quarter Zila Panchayat Adhyaksh P.W.D. colony Rajgarh],2026_PWDRB_537501_1,21-Sep-2026 03:00 PM,09-Oct-2026 05:30 PM,12-Oct-2026 10:30 AM,Closing within 14 days,2026-10-08T19:57:23.491631+00:00
2026_PWDRB_537506_1,PWD- Roads and Bridges,PWD- Roads and Bridges||Bhopal CE Capital Zone - PWD||Rajgarh EE Zone Capital PWD,[Special Repair work for H-12 Type Quarter Ram Leela Colony Rajgarh ],2026_PWDRB_537506_1,21-Sep-2026 03:00 PM,09-Oct-2026 05:30 PM,12-Oct-2026 10:30 AM,Closing within 14 days,2026-10-08T19:57:23.513680+00:00
2026_UAD_537765_1,Directorate Urban Administration and Development,Directorate Urban Administration and Development||Join Director-Jabalpur Division - UAD||Balaghat-Nagar Palika Balaghat - UAD,[Construction CC raod in ward no. 05 Sharvan nagar dhannu kawre house to banshpal house at Balaghat],2026_UAD_537765_1,22-Sep-2026 05:30 PM,09-Oct-2026 05:30 PM,12-Oct-2026 11:00 AM,Closing within 14 days,2026-10-08T19:57:23.535826+00:00
2026_UAD_537774_1,Directorate Urban Administration and Development,Directorate Urban Administration and Development||Join Director-Jabalpur Division - UAD||Balaghat-Nagar Palika Balaghat - UAD,[Construction CC raod in ward no. 06 Jain mandir amit kuril house to house Digamber Jain mandir at Balaghat],2026_UAD_537774_1,22-Sep-2026 05:30 PM,09-Oct-2026 05:30 PM,12-Oct-2026 11:00 AM,Closing within 14 days,2026-10-08T19:57:23.557932+00:00
2026_UAD_537778_1,Directorate Urban Administration and Development,Directorate Urban Administration and Development||Join Director- Shehdol Division - UAD||Shahdol-Nagar Palika Dhanpuri - UAD,[Construction and Beautification of Cultural stage at ward no 18 Near Peepal Tree Vasudev mohalla.],2026_UAD_537778_1,22-Sep-2026 03:00 PM,09-Oct-2026 05:30 PM,12-Oct-2026 11:00 AM,Closing within 14 days,2026-10-08T19:57:23.579927+00:00
2026_UAD_537784_1,Directorate Urban Administration and Development,Directorate Urban Administration and Development||Join Director- Shehdol Division - UAD||Shahdol-Nagar Palika Dhanpuri - UAD,"[Construction of BT road at ward no 01 behind badhshah hardware Dileep singh house, rikki dua,kanhaiya, dinesh, greenbells,ak lal nisha singh house.(Second Call)]",2026_UAD_537784_1,22-Sep-2026 03:00 PM,09-Oct-2026 05:30 PM,12-Oct-2026 11:00 AM,Closing within 14 days,2026-10-08T19:57:23.602076+00:00
2026_PWDRB_537200_1,PWD- Roads and Bridges,PWD- Roads and Bridges||Jabalpur CE Central Zone - PWD||Jabalpur E and M Division EE Zone Jabalpur PWD,[Zonal work of MOW /OW/ Special Repair and annual maintenance electrification of departmental and other departments under MMV section of District Jabalpur],2026_PWDRB_537200_1,22-Sep-2026 03:00 PM,09-Oct-2026 05:30 PM,12-Oct-2026 11:30 AM,Closing within 14 days,2026-10-08T19:57:28.727998+00:00
2026_UAD_474843_3,Directorate Urban Administration and Development,Directorate Urban Administration and Development||Join Director-Jabalpur Division - UAD||Narsinghpur-Nagar Parishad Chichli - UAD,[Auction of Under Construction Complex Shop No. 25 Located Near Nagar Parishad office on Lease for 30 Years on Rent Basis - Unreserved - 3rd Call],2026_UAD_474843_3,03-Sep-2026 06:55 PM,09-Oct-2026 05:30 PM,10-Oct-2026 05:30 PM,Closing within 14 days,2026-10-08T19:57:28.750020+00:00
2026_UAD_474827_3,Directorate Urban Administration and Development,Directorate Urban Administration and Development||Join Director-Jabalpur Division - UAD||Narsinghpur-Nagar Parishad Chichli - UAD,[Auction of Under Construction Complex Shop No. 11 Located Near Nagar Parishad office on Lease for 30 Years on Rent Basis - Reserved for ST - 3rd call],2026_UAD_474827_3,03-Sep-2026 06:55 PM,09-Oct-2026 05:30 PM,10-Oct-2026 05:30 PM,Closing within 14 days,2026-10-08T19:57:28.772091+00:00
2026_UAD_474819_3,Directorate Urban Administration and Development,Directorate Urban Administration and Development||Join Director-Jabalpur Division - UAD||Narsinghpur-Nagar Parishad Chichli - UAD,[Auction of Under Construction Complex Shop No. 04 Located Near Nagar Parishad office on Lease for 30 Years on Rent Basis - Unreserved - 3rd Call],2026_UAD_474819_3,03-Sep-2026 06:55 PM,09-Oct-2026 05:30 PM,10-Oct-2026 05:30 PM,Closing within 14 days,2026-10-08T19:57:28.794332+00:00
2026_PWDRB_537201_1,PWD- Roads and Bridges,PWD- Roads and Bridges||Jabalpur CE Central Zone - PWD||Jabalpur E and M Division EE Zone Jabalpur PWD,[Providing Comprehensive Annual Maintenance Contract for 26 passenger lift Thyssen Krupp Elevator/TKE make Installed in the Rani Durgawati Hospital Jabalpur Only by OEM / Company authorised vender for the period of Three Yeaar],2026_PWDRB_537201_1,22-Sep-2026 03:10 PM,09-Oct-2026 05:30 PM,12-Oct-2026 11:30 AM,Closing within 14 days,2026-10-08T19:57:28.825671+00:00
2026_MPSAM_536452_1,MP State Agricultural Marketing Board,MP State Agricultural Marketing Board||Tech. Div. MPSAMB Ujjain,[Establishment of 10 M.T. and 50 M.T.( Two Plate) Toll kanta on B.O.T Basis in Sub mandi yard Gulana (Khanderiya) SHAJAPUR DISTT SHAJAPUR (SECOND CALL)],2026_MPSAM_536452_1,24-Sep-2026 05:30 PM,09-Oct-2026 05:30 PM,13-Oct-2026 10:00 AM,Closing within 14 days,2026-10-08T19:57:28.847981+00:00
2026_PWDRB_537202_1,PWD- Roads and Bridges,PWD- Roads and Bridges||Jabalpur CE Central Zone - PWD||Jabalpur E and M Division EE Zone Jabalpur PWD,[BOLERO NEO OR EQUIVALENT VEHICLE FOR INSPECTION OF GOVT. WORK TO SUB DIVISIONAL OFFICER PWD B/R SUB DIVISION PATAN. (For 2 Year)) ],2026_PWDRB_537202_1,22-Sep-2026 04:00 PM,09-Oct-2026 05:30 PM,12-Oct-2026 11:30 AM,Closing within 14 days,2026-10-08T19:57:28.870263+00:00
2026_MPSAM_536453_1,MP State Agricultural Marketing Board,MP State Agricultural Marketing Board||Tech. Div. MPSAMB Ujjain,[Establishment of 10 M.T. Toll kanta on B.O.T Basis in Main mandi yard SHAJAPUR DISTT SHAJAPUR (SECOND CALL)],2026_MPSAM_536453_1,24-Sep-2026 05:30 PM,09-Oct-2026 05:30 PM,13-Oct-2026 10:00 AM,Closing within 14 days,2026-10-08T19:57:28.892495+00:00
2026_PWDRB_537204_1,PWD- Roads and Bridges,PWD- Roads and Bridges||Jabalpur CE Central Zone - PWD||Jabalpur E and M Division EE Zone Jabalpur PWD,[SCORPIO N MODEL OR EQUIVALENT VEHICLE FOR INSPECTION OF GOVT. WORK TO EXECUTIVE ENGINEER PWD B/R DIVISION CHHINDWARA. (For 2 Year)) ],2026_PWDRB_537204_1,22-Sep-2026 04:10 PM,09-Oct-2026 05:30 PM,12-Oct-2026 11:30 AM,Closing within 14 days,2026-10-08T19:57:28.914584+00:00
2026_RES_537177_1,Rural Engineering Service,Rural Engineering Service||Chief Engineer-Zone Jabalpur - RES||SE-Circle Sagar - RES||EE-Division Tikamgarh - RES,[Construction of Community Hall Near Kile ki devi ji Mandir Gram Panchayat Digoda Block Jatara District Tikamgarh],2026_RES_537177_1,23-Sep-2026 10:30 AM,09-Oct-2026 05:30 PM,12-Oct-2026 11:30 AM,Closing within 14 days,2026-10-08T19:57:28.936685+00:00
2026_UAD_537892_1,Directorate Urban Administration and Development,Directorate Urban Administration and Development||Muncipal Corporations - UAD||Muncipal Corporation - Ujjain - UAD||Engineering (PWD) Deptt. - MC Ujjain - UAD,[Construction Work Of Karkraj Parking At Zone-03 Ward No.-33],2026_UAD_537892_1,24-Sep-2026 05:30 PM,09-Oct-2026 05:30 PM,12-Oct-2026 11:00 AM,Closing within 14 days,2026-10-08T19:57:34.162773+00:00
2026_PHED_537056_1,Public Health Engineering- O/o Engineer In Chief,Public Health Engineering- O/o Engineer In Chief||Chief Engineer Gwalior - PHED||Superintending Engineer Gwalior - PHED||Executive Engineer-Shivpuri - PHED,[Balance work of JJM Piped Water Supply Scheme under Jal Jeevan Mission at Village 1. Sirsod 2.Teela 3.Damronkala 4. Dabardehi Block Karera distt. Shivpuri ],2026_PHED_537056_1,24-Sep-2026 10:00 AM,09-Oct-2026 05:30 PM,12-Oct-2026 11:30 AM,Closing within 14 days,2026-10-08T19:57:34.184690+00:00
2026_UAD_537900_1,Directorate Urban Administration and Development,Directorate Urban Administration and Development||Muncipal Corporations - UAD||Muncipal Corporation - Ujjain - UAD||Engineering (PWD) Deptt. - MC Ujjain - UAD,[Construction Work Of Mahakal Lok At Zone-03 Ward No.-33],2026_UAD_537900_1,24-Sep-2026 05:30 PM,09-Oct-2026 05:30 PM,12-Oct-2026 11:00 AM,Closing within 14 days,2026-10-08T19:57:34.206625+00:00
2026_RES_537179_1,Rural Engineering Service,Rural Engineering Service||Chief Engineer-Zone Jabalpur - RES||SE-Circle Sagar - RES||EE-Division Tikamgarh - RES,[Construction of community hall near Devi Ji temple Gram Panchayat Vilgay Block Jatara District Tikamgarh],2026_RES_537179_1,23-Sep-2026 10:30 AM,09-Oct-2026 05:30 PM,12-Oct-2026 11:30 AM,Closing within 14 days,2026-10-08T19:57:34.228420+00:00
2026_UAD_537932_1,Directorate Urban Administration and Development,Directorate Urban Administration and Development||Muncipal Corporations - UAD||Muncipal Corporation - Ujjain - UAD||Engineering (PWD) Deptt. - MC Ujjain - UAD,[Tin Shed And Repering Work At The Maintenance Office Under Ward No.-33 Zone-03],2026_UAD_537932_1,24-Sep-2026 05:30 PM,09-Oct-2026 05:30 PM,12-Oct-2026 11:00 AM,Closing within 14 days,2026-10-08T19:57:34.250210+00:00
2026_UAD_537791_1,Directorate Urban Administration and Development,Directorate Urban Administration and Development||Join Director-Bhopal Division - UAD||Vidisha-Nagar Palika Vidisha - UAD,[Construction work of RCC Drain at ward no 14 kile ander imran bhai to bhagmal sen and various streets ],2026_UAD_537791_1,23-Sep-2026 06:55 PM,09-Oct-2026 05:30 PM,12-Oct-2026 11:00 AM,Closing within 14 days,2026-10-08T19:57:34.272037+00:00
2026_UAD_537942_1,Directorate Urban Administration and Development,Directorate Urban Administration and Development||Muncipal Corporations - UAD||Muncipal Corporation - Ujjain - UAD||Engineering (PWD) Deptt. - MC Ujjain - UAD,[Construction Work Of Drain At Gond Basti In Zone-03 Ward No.-33],2026_UAD_537942_1,24-Sep-2026 05:30 PM,09-Oct-2026 05:30 PM,12-Oct-2026 11:00 AM,Closing within 14 days,2026-10-08T19:57:34.293906+00:00
2025_UAD_442284_5,Directorate Urban Administration and Development,Directorate Urban Administration and Development||Muncipal Corporations - UAD||Muncipal Corporation - Ujjain - UAD||Engineering (PWD) Deptt. - MC Ujjain - UAD,[Chamber const. work at Patthargali Manakpura big drain etc. places behind Kherati Mosque in ward number -27],2025_UAD_442284_5,24-Sep-2026 05:30 PM,09-Oct-2026 05:30 PM,12-Oct-2026 11:00 AM,Closing within 14 days,2026-10-08T19:57:34.315957+00:00
2025_UAD_456427_4,Directorate Urban Administration and Development,Directorate Urban Administration and Development||Muncipal Corporations - UAD||Muncipal Corporation - Ujjain - UAD||Engineering (PWD) Deptt. - MC Ujjain - UAD,[Repair of drains and const. of chambers in Amarpura under ward number -27],2025_UAD_456427_4,24-Sep-2026 05:30 PM,09-Oct-2026 05:30 PM,12-Oct-2026 11:00 AM,Closing within 14 days,2026-10-08T19:57:34.337983+00:00
2026_PWDRB_537767_1,PWD- Roads and Bridges,PWD- Roads and Bridges||Indore CE West Zone - PWD||Barwani EE Zone Indore PWD,"[STRENGTHENING WORK OF SEGWAL APPROACH ROAD LENGTH 1.50 KM., WASVI APPROACH ROAD LENGTH 1.60 KM. TOTAL LENGTH 3.10 KM.]",2026_PWDRB_537767_1,24-Sep-2026 06:00 PM,09-Oct-2026 05:30 PM,12-Oct-2026 10:30 AM,Closing within 14 days,2026-10-08T19:57:34.360034+00:00
2026_PWDRB_537769_1,PWD- Roads and Bridges,PWD- Roads and Bridges||Indore CE West Zone - PWD||Barwani EE Zone Indore PWD,"[STRENGTHENING WORK OF BHORWADA TO OZER ROAD LENGTH 1.60 KM., DEWALA APPROACH ROAD LENGTH 1.30 KM. TOTAL LENGTH 2.90 KM.]",2026_PWDRB_537769_1,24-Sep-2026 06:00 PM,09-Oct-2026 05:30 PM,12-Oct-2026 10:30 AM,Closing within 14 days,2026-10-08T19:57:39.559801+00:00
2026_UAD_537794_1,Directorate Urban Administration and Development,Directorate Urban Administration and Development||Join Director-Bhopal Division - UAD||Vidisha-Nagar Palika Vidisha - UAD,[Construction work of C.C. Road at ward no 08 Raghav ji colony various place .],2026_UAD_537794_1,23-Sep-2026 06:55 PM,09-Oct-2026 05:30 PM,12-Oct-2026 11:00 AM,Closing within 14 days,2026-10-08T19:57:39.582160+00:00
2023_UAD_255290_15,Directorate Urban Administration and Development,Directorate Urban Administration and Development||Muncipal Corporations - UAD||Muncipal Corporation - Ujjain - UAD||Engineering (PWD) Deptt. - MC Ujjain - UAD,[CONSTRUCTION OF C.C. ROAD FROM BOHRA ],2023_UAD_255290_15,24-Sep-2026 05:30 PM,09-Oct-2026 05:30 PM,12-Oct-2026 11:00 AM,Closing within 14 days,2026-10-08T19:57:39.604323+00:00
2026_UAD_537796_1,Directorate Urban Administration and Development,Directorate Urban Administration and Development||Join Director-Bhopal Division - UAD||Vidisha-Nagar Palika Vidisha - UAD,[Construction work of Teen shad at ward no 23 Near Bal vihar vidisha municipality. ],2026_UAD_537796_1,23-Sep-2026 06:55 PM,09-Oct-2026 05:30 PM,12-Oct-2026 11:00 AM,Closing within 14 days,2026-10-08T19:57:39.626574+00:00
2026_RES_538076_1,Rural Engineering Service,Rural Engineering Service||Chief Engineer-Zone Indore - RES||SE-Circle Indore - RES||EE-Division Dhar - RES,"[Empanelling venders for the Execution of repair and maintenace as well as source and pipline expansion work for rural tap water schemes (Block Dhar, Tirla, Nalcha, Sardarpur, Bagh, Badanawar)]",2026_RES_538076_1,29-Sep-2026 10:00 AM,09-Oct-2026 05:30 PM,12-Oct-2026 10:00 AM,Closing within 14 days,2026-10-08T19:57:39.648770+00:00
2026_UAD_532181_2,Directorate Urban Administration and Development,Directorate Urban Administration and Development||Muncipal Corporations - UAD||Muncipal Corporation-Gwalior - UAD||Water Supply (PHE) Deptt. - MC Gwalior - UAD,"[Providing, Laying and Jointing of 150 mm Dia D.I. Pipe Line from Awadpura Booster to Awadpura Tank. File No. C-06/26X9/2. 2nd Call.]",2026_UAD_532181_2,23-Sep-2026 05:30 PM,09-Oct-2026 05:30 PM,12-Oct-2026 11:00 AM,Closing within 14 days,2026-10-08T19:57:39.670905+00:00
2026_UAD_537797_1,Directorate Urban Administration and Development,Directorate Urban Administration and Development||Join Director-Bhopal Division - UAD||Vidisha-Nagar Palika Vidisha - UAD,[Construction asphalt work at ward no 05 Mahesh sharma to shiv mandir .],2026_UAD_537797_1,23-Sep-2026 06:55 PM,09-Oct-2026 05:30 PM,12-Oct-2026 11:00 AM,Closing within 14 days,2026-10-08T19:57:39.693089+00:00
2026_UAD_538140_1,Directorate Urban Administration and Development,Directorate Urban Administration and Development||Muncipal Corporations - UAD||Muncipal Corporation-Gwalior - UAD||Engineering (PWD) Deptt. - MC Gwalior - UAD,[Construction of C.C. Road Work at Ranipura in Faruk Khan Shop to Vijay House. Zone No.13 Ward No.57. File No.459/26X3/6. ],2026_UAD_538140_1,23-Sep-2026 05:30 PM,09-Oct-2026 05:30 PM,12-Oct-2026 11:00 AM,Closing within 14 days,2026-10-08T19:57:39.715118+00:00
2026_UAD_537798_1,Directorate Urban Administration and Development,Directorate Urban Administration and Development||Join Director-Bhopal Division - UAD||Vidisha-Nagar Palika Vidisha - UAD,[Construction asphalt work at ward no 05 mohangiri shikshak colony various place . ],2026_UAD_537798_1,23-Sep-2026 06:55 PM,09-Oct-2026 05:30 PM,12-Oct-2026 11:00 AM,Closing within 14 days,2026-10-08T19:57:39.737374+00:00
2026_UAD_500009_5,Directorate Urban Administration and Development,Directorate Urban Administration and Development||Muncipal Corporations - UAD||Muncipal Corporation-Gwalior - UAD||Water Supply (PHE) Deptt. - MC Gwalior - UAD,"[Supply of Energy efficient 5 star rating ISI marked three phase sunmercible motor pump set if 150 mm. dia bore well for following hed and discharhe, standerd make, super make, Crompton and CRI Make Submercible motor pump set 150 mm dia 10 HP 120 Mete]",2026_UAD_500009_5,23-Sep-2026 05:30 PM,09-Oct-2026 05:30 PM,12-Oct-2026 11:00 AM,Closing within 14 days,2026-10-08T19:57:39.759997+00:00
2026_UAD_538148_1,Directorate Urban Administration and Development,Directorate Urban Administration and Development||Muncipal Corporations - UAD||Muncipal Corporation-Gwalior - UAD||Engineering (PWD) Deptt. - MC Gwalior - UAD,[Construction of C.C. Road Work at Ranipura Bridge to Lakhan House. Zone No.13 Ward No.57. File No.435/26X3/6. ],2026_UAD_538148_1,23-Sep-2026 05:30 PM,09-Oct-2026 05:30 PM,12-Oct-2026 11:00 AM,Closing within 14 days,2026-10-08T19:57:44.714999+00:00
2026_UAD_520300_3,Directorate Urban Administration and Development,Directorate Urban Administration and Development||Muncipal Corporations - UAD||Muncipal Corporation-Gwalior - UAD||Workshop Deptt. - MC Gwalior - UAD,[Supply of HDPE 10 liters foot operated waste collection Dustbin for Home usage as per attached specification to workshop Department Municipal Corporation Gwalior file no. 34/25X4/19. 3rd Call],2026_UAD_520300_3,23-Sep-2026 05:30 PM,09-Oct-2026 05:30 PM,12-Oct-2026 11:00 AM,Closing within 14 days,2026-10-08T19:57:44.736987+00:00
2026_MPSAM_536956_1,MP State Agricultural Marketing Board,MP State Agricultural Marketing Board||Tech. Div. MPSAMB Khargone,[Operating of 10 MT Electronic Weigh Bridge On BOT Basis At Main Mandi yard Khetia 2nd Call],2026_MPSAM_536956_1,25-Sep-2026 10:00 AM,09-Oct-2026 05:30 PM,12-Oct-2026 12:00 PM,Closing within 14 days,2026-10-08T19:57:44.759048+00:00
2026_UAD_537908_1,Directorate Urban Administration and Development,Directorate Urban Administration and Development||Join Director-Jabalpur Division - UAD||Narsinghpur-Nagar Palika Karali - UAD,[Demolition Work of 07 rooms of old dilapidated Building of Saandeepani Govt. Excellence School Kareli],2026_UAD_537908_1,23-Sep-2026 06:55 PM,09-Oct-2026 05:30 PM,10-Oct-2026 05:30 PM,Closing within 14 days,2026-10-08T19:57:44.781071+00:00
2026_MPSAM_536953_1,MP State Agricultural Marketing Board,MP State Agricultural Marketing Board||Tech. Div. MPSAMB Khargone,[Operating of 10 MT and 60 MT (Doubale Plate) Electronic Weigh Bridge On BOT Basis At Khetia upmandi Pansemal 3rd Call],2026_MPSAM_536953_1,25-Sep-2026 10:00 AM,09-Oct-2026 05:30 PM,12-Oct-2026 12:00 PM,Closing within 14 days,2026-10-08T19:57:44.803127+00:00
2026_UAD_538239_1,Directorate Urban Administration and Development,Directorate Urban Administration and Development||Muncipal Corporations - UAD||Muncipal Corporation-Gwalior - UAD||Engineering (PWD) Deptt. - MC Gwalior - UAD,[Construction of C.C. Road at Pandit Vihar Colony Bhadoriya Complex House to Kids Heven School. Zone No.10 Ward No.21. File No.373/26X3/6. ],2026_UAD_538239_1,23-Sep-2026 05:30 PM,09-Oct-2026 05:30 PM,12-Oct-2026 11:00 AM,Closing within 14 days,2026-10-08T19:57:44.825264+00:00
2026_MPSAM_538102_1,MP State Agricultural Marketing Board,MP State Agricultural Marketing Board||Tech. Div. MPSAMB Ujjain,[Establishment of 10 M.T. Toll kanta on B.O.T Basis in mandi yard BAGLI DISTT DEWAS (THIRD CALL)],2026_MPSAM_538102_1,25-Sep-2026 05:30 PM,09-Oct-2026 05:30 PM,13-Oct-2026 09:00 AM,Closing within 14 days,2026-10-08T19:57:44.847152+00:00
2026_UAD_538245_1,Directorate Urban Administration and Development,Directorate Urban Administration and Development||Muncipal Corporations - UAD||Muncipal Corporation-Gwalior - UAD||Engineering (PWD) Deptt. - MC Gwalior - UAD,[Maintenance Work at Different Place. Zone No.8 Ward No.19 and 25. File No.126/26X3/3. ],2026_UAD_538245_1,23-Sep-2026 05:30 PM,09-Oct-2026 05:30 PM,12-Oct-2026 11:00 AM,Closing within 14 days,2026-10-08T19:57:44.869440+00:00
2026_MPSAM_538103_1,MP State Agricultural Marketing Board,MP State Agricultural Marketing Board||Tech. Div. MPSAMB Ujjain,[Establishment of 10 M.T. Toll kanta on B.O.T Basis in mandi yard SOYATKALAN DISTT AGAR (SECOND CALL)],2026_MPSAM_538103_1,25-Sep-2026 05:30 PM,09-Oct-2026 05:30 PM,13-Oct-2026 09:00 AM,Closing within 14 days,2026-10-08T19:57:44.891571+00:00
2026_UAD_538250_1,Directorate Urban Administration and Development,Directorate Urban Administration and Development||Muncipal Corporations - UAD||Muncipal Corporation-Gwalior - UAD||Engineering (PWD) Deptt. - MC Gwalior - UAD,[Construction of C.C. Floor Work at Goyal Sahab ka Bada Daal Bazar. Zone No.13 Ward No.57. File No.458/26X3/6. ],2026_UAD_538250_1,23-Sep-2026 05:30 PM,09-Oct-2026 05:30 PM,12-Oct-2026 11:00 AM,Closing within 14 days,2026-10-08T19:57:44.913506+00:00
2026_UAD_538254_1,Directorate Urban Administration and Development,Directorate Urban Administration and Development||Muncipal Corporations - UAD||Muncipal Corporation-Bhopal - UAD||Civil - MC Bhopal- UAD,"[Repair And Maintenance WORK of Roadcross, Darin And Chambers ]",2026_UAD_538254_1,24-Sep-2026 10:30 AM,09-Oct-2026 05:30 PM,12-Oct-2026 10:30 AM,Closing within 14 days,2026-10-08T19:57:50.114564+00:00
2026_PWDRB_537470_1,PWD- Roads and Bridges,PWD- Roads and Bridges||Bhopal CE Capital Zone - PWD||Sehore EE Zone Capital PWD,"[A/R, S/R AND MOW WORK IN RESIDENTIAL AND NON RESIDENTIAL BUILDING AT CIRCUIT HOUSE AND REST HOUSE UNDER PWD SUB DIVISION SEHORE (ZONAL TENDER)]",2026_PWDRB_537470_1,23-Sep-2026 04:30 PM,09-Oct-2026 05:30 PM,12-Oct-2026 10:30 AM,Closing within 14 days,2026-10-08T19:57:50.136638+00:00
2026_PWDRB_537471_1,PWD- Roads and Bridges,PWD- Roads and Bridges||Bhopal CE Capital Zone - PWD||Sehore EE Zone Capital PWD,"[A/R, S/R AND MOW WORK IN RESIDENTIAL AND NON RESIDENTIAL BUILDING AT MANDI AREA AND S.P.BUNGLOW AND PWD CAMPUS UNDER PWD SUB DIVISION SEHORE (ZONAL TENDER)]",2026_PWDRB_537471_1,23-Sep-2026 04:30 PM,09-Oct-2026 05:30 PM,12-Oct-2026 10:30 AM,Closing within 14 days,2026-10-08T19:57:50.158765+00:00
2026_MPSAM_538152_1,MP State Agricultural Marketing Board,MP State Agricultural Marketing Board||Tech. Div. MPSAMB Ujjain,[Establishment of 10 M.T. Toll kanta on B.O.T Basis in Sub mandi yard Satwas mandi Loharda Distt. Dewas ( SECOND CALL)],2026_MPSAM_538152_1,25-Sep-2026 05:30 PM,09-Oct-2026 05:30 PM,13-Oct-2026 09:00 AM,Closing within 14 days,2026-10-08T19:57:50.180796+00:00
2026_UAD_538265_1,Directorate Urban Administration and Development,Directorate Urban Administration and Development||Muncipal Corporations - UAD||Muncipal Corporation-Bhopal - UAD||Civil - MC Bhopal- UAD,"[Construction Of C C Road, Drain and Development Work ]",2026_UAD_538265_1,24-Sep-2026 10:30 AM,09-Oct-2026 05:30 PM,12-Oct-2026 10:30 AM,Closing within 14 days,2026-10-08T19:57:50.202886+00:00
2026_UAD_538290_1,Directorate Urban Administration and Development,Directorate Urban Administration and Development||Muncipal Corporations - UAD||Muncipal Corporation-Bhopal - UAD||Civil - MC Bhopal- UAD,"[Repair And Maintenance WORK of Roadcross, Darin And Chambers ]",2026_UAD_538290_1,24-Sep-2026 10:30 AM,09-Oct-2026 05:30 PM,12-Oct-2026 10:30 AM,Closing within 14 days,2026-10-08T19:57:50.224974+00:00
2026_PWDRB_537472_1,PWD- Roads and Bridges,PWD- Roads and Bridges||Bhopal CE Capital Zone - PWD||Sehore EE Zone Capital PWD,"[A/R, S/R AND MOW WORK IN RESIDENTIAL AND NON RESIDENTIAL BUILDING AT OFFICER COLONY AND TEHSIL AREA UNDER PWD SUB DIVISION SEHORE (ZONAL TENDER)]",2026_PWDRB_537472_1,23-Sep-2026 05:00 PM,09-Oct-2026 05:30 PM,12-Oct-2026 10:30 AM,Closing within 14 days,2026-10-08T19:57:50.247144+00:00
2025_UAD_410488_7,Directorate Urban Administration and Development,Directorate Urban Administration and Development||Muncipal Corporations - UAD||Muncipal Corporation - Ujjain - UAD||Engineering (PWD) Deptt. - MC Ujjain - UAD,[Ward No. 27 Construction of C.C. road from Kherati Masjid ],2025_UAD_410488_7,24-Sep-2026 05:30 PM,09-Oct-2026 05:30 PM,12-Oct-2026 11:00 AM,Closing within 14 days,2026-10-08T19:57:50.269204+00:00
2026_UAD_498830_5,Directorate Urban Administration and Development,Directorate Urban Administration and Development||Muncipal Corporations - UAD||Muncipal Corporation-Gwalior - UAD||Workshop Deptt. - MC Gwalior - UAD,"[Supply of 04 Nos. Hopper Tipper Dumper of Capacity 12 Cum or equivalent with RTO Registration at RTO Gwalior, 01 Year Zero Dep. Insurance, one Year under warranty serivce and as per attached specification to workshop department Municipal Corporation ]",2026_UAD_498830_5,23-Sep-2026 05:30 PM,09-Oct-2026 05:30 PM,12-Oct-2026 11:00 AM,Closing within 14 days,2026-10-08T19:57:50.291429+00:00
2026_PWDRB_537473_1,PWD- Roads and Bridges,PWD- Roads and Bridges||Bhopal CE Capital Zone - PWD||Sehore EE Zone Capital PWD,"[A/R, S/R AND MOW WORK IN RESIDENTIAL AND NON RESIDENTIAL BUILDING AT HOUSING BOARD AND COURT AREA AND COMPOSITE BUILDING UNDER PWD SUB DIVISION SEHORE (ZONAL TENDER)]",2026_PWDRB_537473_1,23-Sep-2026 05:00 PM,09-Oct-2026 05:30 PM,12-Oct-2026 10:30 AM,Closing within 14 days,2026-10-08T19:57:50.313678+00:00
2026_PWDRB_537474_1,PWD- Roads and Bridges,PWD- Roads and Bridges||Bhopal CE Capital Zone - PWD||Sehore EE Zone Capital PWD,[B.T. AND WMM PATCH REPAIR AND REPAIR OF BRIDGE/CULVERT APPROACH IN DIFFERENT WORK IN DIFFERENT ROAD UNDER PWD SUB DIVISION SEHORE (ZONAL TENDER) ],2026_PWDRB_537474_1,23-Sep-2026 05:30 PM,09-Oct-2026 05:30 PM,12-Oct-2026 10:30 AM,Closing within 14 days,2026-10-08T19:57:55.528101+00:00
2026_PWDRB_537596_1,PWD- Roads and Bridges,PWD- Roads and Bridges||Bhopal CE Capital Zone - PWD||Sehore EE Zone Capital PWD,"[A/R, S/R AND MOW WORK IN RESIDENTIAL AND NON RESIDENTIAL BUILDING AT H.Q.ASHTA UNDER PWD SUB DIVISION ASHTA (ZONAL TENDER)]",2026_PWDRB_537596_1,23-Sep-2026 05:30 PM,09-Oct-2026 05:30 PM,12-Oct-2026 10:30 AM,Closing within 14 days,2026-10-08T19:57:55.550467+00:00
2026_UAD_526077_2,Directorate Urban Administration and Development,Directorate Urban Administration and Development||Muncipal Corporations - UAD||Muncipal Corporation - Ujjain - UAD||Engineering (PWD) Deptt. - MC Ujjain - UAD,"[Construction Work Of Shopping Complex In Malipura Zone-03, Ward - 28]",2026_UAD_526077_2,24-Sep-2026 05:30 PM,09-Oct-2026 05:30 PM,12-Oct-2026 11:00 AM,Closing within 14 days,2026-10-08T19:57:55.572502+00:00
2025_UAD_439414_4,Directorate Urban Administration and Development,Directorate Urban Administration and Development||Muncipal Corporations - UAD||Muncipal Corporation - Ujjain - UAD||Engineering (PWD) Deptt. - MC Ujjain - UAD,"[Work of installing sign boards at places like Topkhana Nagauri Mohalla, Amarpura Upkeshwar Square etc. on Mahakaleshwar Marg in Ward 27]",2025_UAD_439414_4,24-Sep-2026 05:30 PM,09-Oct-2026 05:30 PM,12-Oct-2026 11:00 AM,Closing within 14 days,2026-10-08T19:57:55.594364+00:00
2026_UAD_538348_1,Directorate Urban Administration and Development,Directorate Urban Administration and Development||Join Director- Shehdol Division - UAD||Anuppur-Nagar Palika Pasan - UAD,"[LAYING OF PAVER BLOCK WARD NO.-01, CHATT TALAB]",2026_UAD_538348_1,24-Sep-2026 10:30 AM,09-Oct-2026 05:30 PM,12-Oct-2026 10:30 AM,Closing within 14 days,2026-10-08T19:57:55.616371+00:00
2026_UAD_538351_1,Directorate Urban Administration and Development,Directorate Urban Administration and Development||Join Director-Ujjain Division - UAD||Shajapur -Nagar Palika Shujalpur - UAD,[Construction of ward 17 cc roda Pvaveen joshi house to kapil parmar house shujalpur nagar],2026_UAD_538351_1,24-Sep-2026 05:30 PM,09-Oct-2026 05:30 PM,12-Oct-2026 01:00 PM,Closing within 14 days,2026-10-08T19:57:55.638353+00:00
2026_UAD_538349_1,Directorate Urban Administration and Development,Directorate Urban Administration and Development||Muncipal Corporations - UAD||Muncipal Corporation - Sagar - UAD,"[CC road construction work near Paras Vidya Bihar School, Baghraj Ward, Sagar]",2026_UAD_538349_1,25-Sep-2026 10:30 AM,09-Oct-2026 05:30 PM,12-Oct-2026 03:00 PM,Closing within 14 days,2026-10-08T19:57:55.660314+00:00
2026_UAD_538366_1,Directorate Urban Administration and Development,Directorate Urban Administration and Development||Muncipal Corporations - UAD||Muncipal Corporation - Sagar - UAD,"[Road and drain construction work in Shukravari Ward, from Rohit Namdev to Govind Thakur]",2026_UAD_538366_1,25-Sep-2026 10:30 AM,09-Oct-2026 05:30 PM,12-Oct-2026 03:00 PM,Closing within 14 days,2026-10-08T19:57:55.682190+00:00
2026_UAD_538370_1,Directorate Urban Administration and Development,Directorate Urban Administration and Development||Join Director-Ujjain Division - UAD||Shajapur -Nagar Palika Shujalpur - UAD,[Construction of Teen shed in ward 02 muktidham area shujalpur nagar],2026_UAD_538370_1,24-Sep-2026 05:30 PM,09-Oct-2026 05:30 PM,12-Oct-2026 01:00 PM,Closing within 14 days,2026-10-08T19:57:55.704047+00:00
2026_RES_538202_1,Rural Engineering Service,Rural Engineering Service||Chief Engineer-Zone Jabalpur - RES||SE-Circle Rewa - RES||EE-Division Singrauli - RES,[Empaneling vendors for the execution of major repair and maintenance as well as source and pipeline expansion works for rural tap water schemes District Singrauli],2026_RES_538202_1,28-Sep-2026 11:30 AM,09-Oct-2026 05:30 PM,13-Oct-2026 11:30 AM,Closing within 14 days,2026-10-08T19:57:55.725973+00:00
2026_UAD_538373_1,Directorate Urban Administration and Development,Directorate Urban Administration and Development||Muncipal Corporations - UAD||Muncipal Corporation - Sagar - UAD,[Construction of road and drain from Shivaji Akhada to the Police Academy in Chakraghat Ward.],2026_UAD_538373_1,25-Sep-2026 10:30 AM,09-Oct-2026 05:30 PM,12-Oct-2026 03:00 PM,Closing within 14 days,2026-10-08T19:58:00.717427+00:00
2026_UAD_538388_1,Directorate Urban Administration and Development,Directorate Urban Administration and Development||Muncipal Corporations - UAD||Muncipal Corporation - Sagar - UAD,[Road and drain construction work from Sachin Pathaks house to Parasar in Poddar Colony in Shivaji Nagar ward.],2026_UAD_538388_1,25-Sep-2026 10:30 AM,09-Oct-2026 05:30 PM,12-Oct-2026 03:00 PM,Closing within 14 days,2026-10-08T19:58:00.739474+00:00
2026_UAD_538389_1,Directorate Urban Administration and Development,Directorate Urban Administration and Development||Join Director- Shehdol Division - UAD||Anuppur-Nagar Palika Pasan - UAD,"[LAYING OF PAVER BLOCK WARD NO.-09, MAIN ROAD TO ABRAR HOUSE]",2026_UAD_538389_1,24-Sep-2026 10:30 AM,09-Oct-2026 05:30 PM,12-Oct-2026 10:30 AM,Closing within 14 days,2026-10-08T19:58:00.761678+00:00
2026_UAD_538387_1,Directorate Urban Administration and Development,Directorate Urban Administration and Development||Join Director-Sagar Division - UAD||Chhatarpur-Nagar Palika Chhatarpur - UAD,[Providing and Fixing Diffrent Jhoola Mela Jalbihar 2026 At Mela Ground Muncipal Council Chhatarpur],2026_UAD_538387_1,24-Sep-2026 10:30 AM,09-Oct-2026 05:30 PM,12-Oct-2026 11:00 AM,Closing within 14 days,2026-10-08T19:58:00.783800+00:00
2026_UAD_538392_1,Directorate Urban Administration and Development,Directorate Urban Administration and Development||Muncipal Corporations - UAD||Muncipal Corporation - Sagar - UAD,[Construction of CC road from Komal to Santosh Patel in Shivaji Nagar Ward (Parshad Nidhi)],2026_UAD_538392_1,25-Sep-2026 10:30 AM,09-Oct-2026 05:30 PM,12-Oct-2026 03:00 PM,Closing within 14 days,2026-10-08T19:58:00.805890+00:00
2026_UAD_538405_1,Directorate Urban Administration and Development,Directorate Urban Administration and Development||Muncipal Corporations - UAD||Muncipal Corporation - Sagar - UAD,[Construction of Road from Radhe Patels place to Lakhan Chaturvedis place and from Mamta Yadavs place to Ramjhiria in Shivaji Nagar Ward (Parshad Nidhi)],2026_UAD_538405_1,25-Sep-2026 10:30 AM,09-Oct-2026 05:30 PM,12-Oct-2026 03:00 PM,Closing within 14 days,2026-10-08T19:58:00.840380+00:00
2026_UAD_538408_1,Directorate Urban Administration and Development,Directorate Urban Administration and Development||Muncipal Corporations - UAD||Muncipal Corporation - Sagar - UAD,[Construction of CC road from Verma Ji house to Gaur in Shivaji Nagar Ward (Parshad Nidhi)],2026_UAD_538408_1,25-Sep-2026 10:30 AM,09-Oct-2026 05:30 PM,12-Oct-2026 03:00 PM,Closing within 14 days,2026-10-08T19:58:00.868734+00:00
2026_UAD_538411_1,Directorate Urban Administration and Development,Directorate Urban Administration and Development||Muncipal Corporations - UAD||Muncipal Corporation - Sagar - UAD,[Road construction work from Manoj Pandey to Pankaj Trivedi in Shivaji Nagar Ward (Parshad Nidhi).],2026_UAD_538411_1,25-Sep-2026 10:30 AM,09-Oct-2026 05:30 PM,12-Oct-2026 03:00 PM,Closing within 14 days,2026-10-08T19:58:00.891347+00:00
2026_UAD_538426_1,Directorate Urban Administration and Development,Directorate Urban Administration and Development||Muncipal Corporations - UAD||Muncipal Corporation - Sagar - UAD,[Construction of a CC road from the Police Line Main Road to Lakshkar Sahibs residence in Dr. Harisingh Gour Ward (Parshad Nidhi).],2026_UAD_538426_1,25-Sep-2026 10:30 AM,09-Oct-2026 05:30 PM,12-Oct-2026 03:00 PM,Closing within 14 days,2026-10-08T19:58:00.913716+00:00
2026_UAD_538413_1,Directorate Urban Administration and Development,Directorate Urban Administration and Development||Join Director- Shehdol Division - UAD||Anuppur-Nagar Palika Pasan - UAD,"[LAYING OF PAVER BLOCK WARD NO.-17/18, MAIN ROAD TO 2 NO DAFAI]",2026_UAD_538413_1,24-Sep-2026 12:00 PM,09-Oct-2026 05:30 PM,12-Oct-2026 10:30 AM,Closing within 14 days,2026-10-08T19:58:00.935824+00:00
2026_MPSAM_533493_1,MP State Agricultural Marketing Board,MP State Agricultural Marketing Board||Tech. Div. MPSAMB Khargone,[Operating of 10 MT Electronic Weigh Bridge On BOT Basis At Main Mandi yard Karahi 2nd call],2026_MPSAM_533493_1,25-Sep-2026 10:00 AM,09-Oct-2026 05:30 PM,12-Oct-2026 12:00 PM,Closing within 14 days,2026-10-08T19:58:05.840045+00:00
2026_MPSAM_533496_1,MP State Agricultural Marketing Board,MP State Agricultural Marketing Board||Tech. Div. MPSAMB Khargone,[Operating of 10 MT and 50 MT (Doubale Plate) Electronic Weigh Bridge On BOT Basis At Krahi Up Mandi Pipliya Buzurg 3rd Call],2026_MPSAM_533496_1,25-Sep-2026 10:00 AM,09-Oct-2026 05:30 PM,12-Oct-2026 12:00 PM,Closing within 14 days,2026-10-08T19:58:05.862286+00:00
2026_UAD_538477_1,Directorate Urban Administration and Development,Directorate Urban Administration and Development||Muncipal Corporations - UAD||Muncipal Corporation-Bhopal - UAD||Civil - MC Bhopal- UAD,[CONSTRUCTION OF SHADE NEAR ANKUR BASTI AND PAINTING OF SANSKRITIK HALL NEAR I-125 AND L-18 SHANKAR NAGAR ZONE 2 WARD 45 ZONE 10],2026_UAD_538477_1,24-Sep-2026 01:00 PM,09-Oct-2026 05:30 PM,10-Oct-2026 05:30 PM,Closing within 14 days,2026-10-08T19:58:05.884705+00:00
2026_UAD_538480_1,Directorate Urban Administration and Development,Directorate Urban Administration and Development||Muncipal Corporations - UAD||Muncipal Corporation - Ujjain - UAD||Engineering (PWD) Deptt. - MC Ujjain - UAD,[JALI REPAIRING CHAMBER AND BOUNDARY WALL REPAIR WORK AT VARIOUS PLACES UNDER ZONE NO. 06],2026_UAD_538480_1,24-Sep-2026 04:00 PM,09-Oct-2026 05:30 PM,12-Oct-2026 11:00 AM,Closing within 14 days,2026-10-08T19:58:05.907027+00:00
2026_PHED_538424_1,Public Health Engineering- O/o Engineer In Chief,Public Health Engineering- O/o Engineer In Chief||Chief Engineer Indore - PHED||Superintending Engineer Ujjain - PHED||Executive Engineer-Agar - PHED,[Providing four wheeler vehicle Diesel non A.C. 7 seater Bolero Scorpio or equivalent etc. under Jal Jeevan Mission with Driver on hire for PHE Division Agar Malwa],2026_PHED_538424_1,24-Sep-2026 06:00 PM,09-Oct-2026 05:30 PM,12-Oct-2026 11:00 AM,Closing within 14 days,2026-10-08T19:58:05.929236+00:00
2026_PHED_538425_1,Public Health Engineering- O/o Engineer In Chief,Public Health Engineering- O/o Engineer In Chief||Chief Engineer Indore - PHED||Superintending Engineer Ujjain - PHED||Executive Engineer-Agar - PHED,[12 Month Repairing and Maintenance of Hand pump Major and Minor Work in Different Villages of block Badod. Distt. Agar Malwa M.P],2026_PHED_538425_1,24-Sep-2026 06:00 PM,09-Oct-2026 05:30 PM,12-Oct-2026 11:00 AM,Closing within 14 days,2026-10-08T19:58:05.951320+00:00
2026_UAD_538505_1,Directorate Urban Administration and Development,Directorate Urban Administration and Development||Muncipal Corporations - UAD||Muncipal Corporation-Bhopal - UAD||Civil - MC Bhopal- UAD,"[CONSTRUCTION OF RCC NALA WALL,LAYING OF PAVER BLOCK NEAR SUMIT AUTOMOBILES AND NEAR I-121122 SHIVAJI NAGAR WARD 45 ZONE 10]",2026_UAD_538505_1,24-Sep-2026 02:00 PM,09-Oct-2026 05:30 PM,10-Oct-2026 05:30 PM,Closing within 14 days,2026-10-08T19:58:05.973440+00:00
2026_UAD_538509_1,Directorate Urban Administration and Development,Directorate Urban Administration and Development||Muncipal Corporations - UAD||Muncipal Corporation-Bhopal - UAD||Civil - MC Bhopal- UAD,"[CONSTRUCTION OF SLAB,REPAIR OF CHABUTRA NEAR HARIOM SWEETS 6 NO. AND CONSTUCTION OF WALL WITH GATE NEAR E-33A 10 NO MARKET AND CONSTUCTION OF SEATING PLATFORM AT HAWKERS CORNER MP NAGAR Z2 WARD 45 Z10]",2026_UAD_538509_1,24-Sep-2026 02:00 PM,09-Oct-2026 05:30 PM,10-Oct-2026 05:30 PM,Closing within 14 days,2026-10-08T19:58:05.995608+00:00
2026_UAD_538510_1,Directorate Urban Administration and Development,Directorate Urban Administration and Development||Join Director- Shehdol Division - UAD||Shahdol-Nagar Palika Shahdol - UAD,[Construction of CC Drain near House of chauhan to house of jawed ward no 22 shahdol as per nit and estimate],2026_UAD_538510_1,25-Sep-2026 10:30 AM,09-Oct-2026 05:30 PM,12-Oct-2026 10:30 AM,Closing within 14 days,2026-10-08T19:58:06.017644+00:00
2026_UAD_538515_1,Directorate Urban Administration and Development,Directorate Urban Administration and Development||Join Director- Shehdol Division - UAD||Shahdol-Nagar Palika Shahdol - UAD,[Construction of CC Drain near House of dileep khare to house of kiran khare ward no 21 shahdol as per nit and estimate],2026_UAD_538515_1,25-Sep-2026 10:30 AM,09-Oct-2026 05:30 PM,12-Oct-2026 10:30 AM,Closing within 14 days,2026-10-08T19:58:06.039641+00:00
2026_MPHID_536157_1,MP Housing and Infrastructure Development Board,MP Housing and Infrastructure Development Board||MPHIDB-Circle - Rewa||MPHIDB-EE Div Rewa,[SUPPLYING OF MAN POWER SUCH AS PUMP OPERATOR WATCHMAN SWEEPER IN ATAL PARISAR MAIDANI REWA (M.P.) ],2026_MPHID_536157_1,25-Sep-2026 01:10 PM,09-Oct-2026 05:30 PM,12-Oct-2026 11:00 AM,Closing within 14 days,2026-10-08T19:58:11.117053+00:00
2026_UAD_527001_2,Directorate Urban Administration and Development,Directorate Urban Administration and Development||Muncipal Corporations - UAD||Muncipal Corporation-Bhopal - UAD||Civil - MC Bhopal- UAD,[PROVIDING AND FIXING OF PAVER BLOCK MP NAGAR MEERA COMPLEX AND CC WORK AND PAINTING OF WALL WARD 45 ZONE 10 (PARSHAD NIDHI 202627)],2026_UAD_527001_2,24-Sep-2026 05:25 PM,09-Oct-2026 05:30 PM,10-Oct-2026 05:30 PM,Closing within 14 days,2026-10-08T19:58:11.141319+00:00
2026_UAD_538248_1,Directorate Urban Administration and Development,Directorate Urban Administration and Development||Join Director-Rewa Division - UAD||Rewa-Nagar Parishad Teonthar - UAD,[RATE CONTRACT FOR SUPPLY OF VARIOUS TYPE ITEMS],2026_UAD_538248_1,24-Sep-2026 05:30 PM,09-Oct-2026 05:30 PM,12-Oct-2026 10:30 AM,Closing within 14 days,2026-10-08T19:58:11.163367+00:00
2026_PWDRB_537846_1,PWD- Roads and Bridges,PWD- Roads and Bridges||Indore CE West Zone - PWD||Indore Dn. Division-2 EE Zone Indore PWD,[Strenthening of Indore Ujjain Road Ringnodiya Sanjay Nagar to Muradpura Road Length 3.70km (i/c utility shifting) (2nd call)],2026_PWDRB_537846_1,26-Sep-2026 10:30 AM,09-Oct-2026 05:30 PM,12-Oct-2026 10:30 AM,Closing within 14 days,2026-10-08T19:58:11.185265+00:00
2026_PWDRB_537847_1,PWD- Roads and Bridges,PWD- Roads and Bridges||Indore CE West Zone - PWD||Indore Dn. Division-2 EE Zone Indore PWD,[Strenthening of Panchderiya to Imalikheda Road lenght 2.50 km(i/c utility shifting) (2nd call)],2026_PWDRB_537847_1,26-Sep-2026 10:30 AM,09-Oct-2026 05:30 PM,12-Oct-2026 10:30 AM,Closing within 14 days,2026-10-08T19:58:11.207252+00:00
2026_PWDRB_537849_1,PWD- Roads and Bridges,PWD- Roads and Bridges||Indore CE West Zone - PWD||Indore Dn. Division-2 EE Zone Indore PWD,[Strengthening of Laxmibai Nagar Chotta Bangarda Budhaniya Palakhedi Limbodagari Songir Road Length 4.00 KM (2nd call)],2026_PWDRB_537849_1,26-Sep-2026 10:30 AM,09-Oct-2026 05:30 PM,12-Oct-2026 10:30 AM,Closing within 14 days,2026-10-08T19:58:11.229783+00:00
2026_PWDRB_537850_1,PWD- Roads and Bridges,PWD- Roads and Bridges||Indore CE West Zone - PWD||Indore Dn. Division-2 EE Zone Indore PWD,[Construction of Magarkheda to Balgara road Length 3.30 km i/c shifting/heighting of existing 11 kv line and Transformer etc ],2026_PWDRB_537850_1,26-Sep-2026 10:30 AM,09-Oct-2026 05:30 PM,12-Oct-2026 10:30 AM,Closing within 14 days,2026-10-08T19:58:11.251783+00:00
2026_PWDRB_537851_1,PWD- Roads and Bridges,PWD- Roads and Bridges||Indore CE West Zone - PWD||Indore Dn. Division-2 EE Zone Indore PWD,[Strengthening of Bahirampur Approach Road Length 0.7 km],2026_PWDRB_537851_1,26-Sep-2026 10:30 AM,09-Oct-2026 05:30 PM,12-Oct-2026 10:30 AM,Closing within 14 days,2026-10-08T19:58:11.274094+00:00
2026_PWDRB_538563_1,PWD- Roads and Bridges,PWD- Roads and Bridges||Rewa CE REWA Zone - PWD||Shahdol EE Zone Rewa PWD,[Construction of Additional Room Rest House at Beohari Distt Shahdol (M.P.)],2026_PWDRB_538563_1,24-Sep-2026 06:00 PM,09-Oct-2026 05:30 PM,12-Oct-2026 11:00 AM,Closing within 14 days,2026-10-08T19:58:11.296125+00:00
2026_UAD_538567_1,Directorate Urban Administration and Development,Directorate Urban Administration and Development||Join Director- Shehdol Division - UAD||Anuppur-Nagar Palika Pasan - UAD,"[INVITING TENDER RATES FOR ESTABLISMENT OF LIBRARY IN SECL SCHOOL BUILDING WARD NO.-11, INCLUDING INTERIOR WORKS, FURNITURE ELECTRICAL INSTALLATION AND DIGITEL STUDY FACILITES ]",2026_UAD_538567_1,24-Sep-2026 04:00 PM,09-Oct-2026 05:30 PM,12-Oct-2026 10:30 AM,Closing within 14 days,2026-10-08T19:58:11.317996+00:00
2026_PWDRB_538569_1,PWD- Roads and Bridges,PWD- Roads and Bridges||Rewa CE REWA Zone - PWD||Shahdol EE Zone Rewa PWD,[Water Proofing Treatment of RB and NRB Building of Under Sub Division Beohari Division Shahdol.],2026_PWDRB_538569_1,24-Sep-2026 06:00 PM,09-Oct-2026 05:30 PM,12-Oct-2026 11:00 AM,Closing within 14 days,2026-10-08T19:58:16.236130+00:00
2026_PWDRB_538574_1,PWD- Roads and Bridges,PWD- Roads and Bridges||Rewa CE REWA Zone - PWD||Shahdol EE Zone Rewa PWD,[Repair and Maintenance work on Different road under Sub Division Beohari Division Shahdol.],2026_PWDRB_538574_1,24-Sep-2026 06:00 PM,09-Oct-2026 05:30 PM,12-Oct-2026 11:00 AM,Closing within 14 days,2026-10-08T19:58:16.258224+00:00
2026_PWDRB_538580_1,PWD- Roads and Bridges,PWD- Roads and Bridges||Rewa CE REWA Zone - PWD||Shahdol EE Zone Rewa PWD,[Repair and Maintenance work on Different road under Sub Division Shahdol Division Shahdol.],2026_PWDRB_538580_1,24-Sep-2026 06:00 PM,09-Oct-2026 05:30 PM,12-Oct-2026 11:00 AM,Closing within 14 days,2026-10-08T19:58:16.280386+00:00
2026_UAD_538585_1,Directorate Urban Administration and Development,Directorate Urban Administration and Development||Join Director- Shehdol Division - UAD||Shahdol-Nagar Palika Shahdol - UAD,[Construction of CC Drain near House of dileep lahorani ward no 31 shahdol as per nit and estimate],2026_UAD_538585_1,25-Sep-2026 10:30 AM,09-Oct-2026 05:30 PM,12-Oct-2026 10:30 AM,Closing within 14 days,2026-10-08T19:58:16.302478+00:00
2026_RES_530358_1,Rural Engineering Service,Rural Engineering Service||Chief Engineer-Zone Indore - RES||SE-Circle Indore - RES||EE-Division Barwani - RES,[Empanelling venders for the Execution fo repair and maintance as well as source and pipline expansion work for rural tap water schemes ],2026_RES_530358_1,28-Sep-2026 11:10 AM,09-Oct-2026 05:30 PM,12-Oct-2026 11:00 AM,Closing within 14 days,2026-10-08T19:58:16.324490+00:00
2026_UAD_538610_1,Directorate Urban Administration and Development,Directorate Urban Administration and Development||Join Director- Shehdol Division - UAD||Shahdol-Nagar Palika Shahdol - UAD,[Construction of CC Drain near house of shivshankar pandey to house of shailesh gupta shahdol as per nit and estimate],2026_UAD_538610_1,25-Sep-2026 10:30 AM,09-Oct-2026 05:30 PM,12-Oct-2026 10:30 AM,Closing within 14 days,2026-10-08T19:58:16.346758+00:00
2026_PWDRB_538620_1,PWD- Roads and Bridges,PWD- Roads and Bridges||Sagar CE Sagar Zone - PWD||Sagar E and M EE Zone Sagar PWD,"[External ( OH WORK ) Electrification in all district Panna Under P.W.D. E/M Sub Division Panna, Distt. Panna(M.P.)]",2026_PWDRB_538620_1,25-Sep-2026 10:00 AM,09-Oct-2026 05:30 PM,12-Oct-2026 12:00 PM,Closing within 14 days,2026-10-08T19:58:16.368803+00:00
2026_UAD_538623_1,Directorate Urban Administration and Development,Directorate Urban Administration and Development||Join Director- Shehdol Division - UAD||Shahdol-Nagar Palika Shahdol - UAD,[Laying of Paverblock near thakurbaba to house of ram khelawan ward no 28 shahdol as per nit and estimate],2026_UAD_538623_1,25-Sep-2026 10:30 AM,09-Oct-2026 05:30 PM,12-Oct-2026 10:30 AM,Closing within 14 days,2026-10-08T19:58:16.391040+00:00
2026_PWDRB_538112_1,PWD- Roads and Bridges,PWD- Roads and Bridges||Indore CE West Zone - PWD||Barwani EE Zone Indore PWD,[WHITE WASHING COLOUR WASHING AND PAINTING WORK ON GOVT. NON RESIDENTIAL BUILDING (P.W.D. AND COURT DEPTT. UNDER SUB DIVISION BARWANI.],2026_PWDRB_538112_1,28-Sep-2026 06:00 PM,09-Oct-2026 05:30 PM,12-Oct-2026 10:30 AM,Closing within 14 days,2026-10-08T19:58:16.413107+00:00
2026_UAD_533010_1,Directorate Urban Administration and Development,Directorate Urban Administration and Development||Join Director-Jabalpur Division - UAD||Mandla-Nagar Palika Mandla - UAD,[REPIR AND CONSTRUCTION (NEW WORK) FROM RANGREJ GHAT AT WARD NO O3 NARMADA JI WARD MANDLA DIST.MANDLA (M.P.)],2026_UAD_533010_1,01-Sep-2026 05:30 PM,09-Oct-2026 05:30 PM,12-Oct-2026 11:00 AM,Closing within 14 days,2026-10-08T19:58:16.435053+00:00
2026_UAD_519095_3,Directorate Urban Administration and Development,Directorate Urban Administration and Development||Join Director-Jabalpur Division - UAD||Seoni -Nagar Palika Seoni - UAD,[MAHARANI LAKSHMI BAI WARD ME MUKHYA MARG SE ASHIRWAD PAILEC TAK B.T. ROAD NIRMAN KARY],2026_UAD_519095_3,21-Aug-2026 10:30 AM,09-Oct-2026 05:30 PM,12-Oct-2026 12:30 PM,Closing within 14 days,2026-10-08T19:58:21.353178+00:00
2026_UAD_520551_3,Directorate Urban Administration and Development,Directorate Urban Administration and Development||Join Director-Jabalpur Division - UAD||Seoni -Nagar Palika Seoni - UAD,[WARD NO. 1 MAHAMAYA WARD ME STEDIUAM ME V.I.P. GATE NO. 5 OR 1 ME BT (DAMARIKARN) KARY],2026_UAD_520551_3,21-Aug-2026 10:30 AM,09-Oct-2026 05:30 PM,12-Oct-2026 12:30 PM,Closing within 14 days,2026-10-08T19:58:21.375706+00:00
2026_UAD_474850_3,Directorate Urban Administration and Development,Directorate Urban Administration and Development||Join Director-Jabalpur Division - UAD||Narsinghpur-Nagar Parishad Chichli - UAD,[Auction of Under Construction Complex Shop No. 29 Located Near Nagar Parishad office on Lease for 30 Years on Rent Basis - Unreserved - 3rd Call],2026_UAD_474850_3,03-Sep-2026 06:55 PM,09-Oct-2026 05:30 PM,10-Oct-2026 05:30 PM,Closing within 14 days,2026-10-08T19:58:21.397775+00:00
2026_UAD_474852_3,Directorate Urban Administration and Development,Directorate Urban Administration and Development||Join Director-Jabalpur Division - UAD||Narsinghpur-Nagar Parishad Chichli - UAD,[Auction of Under Construction Complex Shop No. 30 Located Near Nagar Parishad office on Lease for 30 Years on Rent Basis - Unreserved - 3rd Call],2026_UAD_474852_3,03-Sep-2026 06:55 PM,09-Oct-2026 05:30 PM,10-Oct-2026 05:30 PM,Closing within 14 days,2026-10-08T19:58:21.422979+00:00
2026_UAD_474820_3,Directorate Urban Administration and Development,Directorate Urban Administration and Development||Join Director-Jabalpur Division - UAD||Narsinghpur-Nagar Parishad Chichli - UAD,[Auction of Under Construction Complex Shop No. 05 Located Near Nagar Parishad office on Lease for 30 Years on Rent Basis - Unreserved - 3rd Call],2026_UAD_474820_3,03-Sep-2026 06:55 PM,09-Oct-2026 05:30 PM,10-Oct-2026 05:30 PM,Closing within 14 days,2026-10-08T19:58:21.444990+00:00
2026_UAD_474821_3,Directorate Urban Administration and Development,Directorate Urban Administration and Development||Join Director-Jabalpur Division - UAD||Narsinghpur-Nagar Parishad Chichli - UAD,[Auction of Under Construction Complex Shop No. 06 Located Near Nagar Parishad office on Lease for 30 Years on Rent Basis - Unreserved - 3rd Call],2026_UAD_474821_3,03-Sep-2026 06:55 PM,09-Oct-2026 05:30 PM,10-Oct-2026 05:30 PM,Closing within 14 days,2026-10-08T19:58:21.467042+00:00
2026_UAD_474822_3,Directorate Urban Administration and Development,Directorate Urban Administration and Development||Join Director-Jabalpur Division - UAD||Narsinghpur-Nagar Parishad Chichli - UAD,[Auction of Under Construction Complex Shop No. 07 Located Near Nagar Parishad office on Lease for 30 Years on Rent Basis - Unreserved - 3rd Call],2026_UAD_474822_3,03-Sep-2026 06:55 PM,09-Oct-2026 05:30 PM,10-Oct-2026 05:30 PM,Closing within 14 days,2026-10-08T19:58:21.488990+00:00
2026_UAD_474826_3,Directorate Urban Administration and Development,Directorate Urban Administration and Development||Join Director-Jabalpur Division - UAD||Narsinghpur-Nagar Parishad Chichli - UAD,[Auction of Under Construction Complex Shop No. 10 Located Near Nagar Parishad office on Lease for 30 Years on Rent Basis - Unreserved - 3rd Call],2026_UAD_474826_3,03-Sep-2026 06:55 PM,09-Oct-2026 05:30 PM,10-Oct-2026 05:30 PM,Closing within 14 days,2026-10-08T19:58:21.510979+00:00
2026_UAD_474853_3,Directorate Urban Administration and Development,Directorate Urban Administration and Development||Join Director-Jabalpur Division - UAD||Narsinghpur-Nagar Parishad Chichli - UAD,[Auction of Under Construction Complex Shop No. 31 Located Near Nagar Parishad office on Lease for 30 Years on Rent Basis - Unreserved - 3rd Call],2026_UAD_474853_3,03-Sep-2026 06:55 PM,09-Oct-2026 05:30 PM,10-Oct-2026 05:30 PM,Closing within 14 days,2026-10-08T19:58:21.532973+00:00
2026_UAD_474828_3,Directorate Urban Administration and Development,Directorate Urban Administration and Development||Join Director-Jabalpur Division - UAD||Narsinghpur-Nagar Parishad Chichli - UAD,[Auction of Under Construction Complex Shop No. 12 Located Near Nagar Parishad office on Lease for 30 Years on Rent Basis - Reserved for ST - 3rd call],2026_UAD_474828_3,03-Sep-2026 06:55 PM,09-Oct-2026 05:30 PM,10-Oct-2026 05:30 PM,Closing within 14 days,2026-10-08T19:58:21.555005+00:00
2026_UAD_474831_3,Directorate Urban Administration and Development,Directorate Urban Administration and Development||Join Director-Jabalpur Division - UAD||Narsinghpur-Nagar Parishad Chichli - UAD,[Auction of Under Construction Complex Shop No. 15 Located Near Nagar Parishad office on Lease for 30 Years on Rent Basis - Reserved for SC - 3rd Call],2026_UAD_474831_3,03-Sep-2026 06:55 PM,09-Oct-2026 05:30 PM,10-Oct-2026 05:30 PM,Closing within 14 days,2026-10-08T19:58:26.475618+00:00
2026_UAD_474829_3,Directorate Urban Administration and Development,Directorate Urban Administration and Development||Join Director-Jabalpur Division - UAD||Narsinghpur-Nagar Parishad Chichli - UAD,[Auction of Under Construction Complex Shop No. 13 Located Near Nagar Parishad office on Lease for 30 Years on Rent Basis - Reserved for ST - 3rd call],2026_UAD_474829_3,03-Sep-2026 06:55 PM,09-Oct-2026 05:30 PM,10-Oct-2026 05:30 PM,Closing within 14 days,2026-10-08T19:58:26.497776+00:00
2026_UAD_474854_3,Directorate Urban Administration and Development,Directorate Urban Administration and Development||Join Director-Jabalpur Division - UAD||Narsinghpur-Nagar Parishad Chichli - UAD,[Auction of Under Construction Complex Shop No. 32 Located Near Nagar Parishad office on Lease for 30 Years on Rent Basis - Unreserved - 3rd Call],2026_UAD_474854_3,03-Sep-2026 06:55 PM,09-Oct-2026 05:30 PM,10-Oct-2026 05:30 PM,Closing within 14 days,2026-10-08T19:58:26.519902+00:00
2026_UAD_474832_3,Directorate Urban Administration and Development,Directorate Urban Administration and Development||Join Director-Jabalpur Division - UAD||Narsinghpur-Nagar Parishad Chichli - UAD,[Auction of Under Construction Complex Shop No. 16 Located Near Nagar Parishad office on Lease for 30 Years on Rent Basis - Reserved for SC - 3rd Call],2026_UAD_474832_3,03-Sep-2026 06:55 PM,09-Oct-2026 05:30 PM,10-Oct-2026 05:30 PM,Closing within 14 days,2026-10-08T19:58:26.542118+00:00
2026_UAD_534608_1,Directorate Urban Administration and Development,Directorate Urban Administration and Development||Muncipal Corporations - UAD||Muncipal Corporation-Gwalior - UAD||Water Supply (PHE) Deptt. - MC Gwalior - UAD,"[Providing, Laying, Testing and Commissioning of pipelines from RCC Overhead tanks/ Ground Level Service Reservoirs/Sump-wells including Survey and Design of Distribution network to be laid under this contract in different DMAs (District Metering Area]",2026_UAD_534608_1,08-Sep-2026 05:30 PM,09-Oct-2026 05:30 PM,12-Oct-2026 11:00 AM,Closing within 14 days,2026-10-08T19:58:26.564386+00:00
2026_UAD_474581_3,Directorate Urban Administration and Development,Directorate Urban Administration and Development||Join Director-Jabalpur Division - UAD||Narsinghpur-Nagar Parishad Chichli - UAD,[Auction of Under Construction Complex Shop No. 01 Located at Old Thana Road in Ward No. 01 on Lease for 30 Years on Rent Basis - Unreserved - 3rd Call],2026_UAD_474581_3,03-Sep-2026 06:55 PM,09-Oct-2026 05:30 PM,10-Oct-2026 05:30 PM,Closing within 14 days,2026-10-08T19:58:26.586470+00:00
2026_UAD_474833_3,Directorate Urban Administration and Development,Directorate Urban Administration and Development||Join Director-Jabalpur Division - UAD||Narsinghpur-Nagar Parishad Chichli - UAD,[Auction of Under Construction Complex Shop No. 17 Located Near Nagar Parishad office on Lease for 30 Years on Rent Basis - Reserved for SC - 3rd Call],2026_UAD_474833_3,03-Sep-2026 06:55 PM,09-Oct-2026 05:30 PM,10-Oct-2026 05:30 PM,Closing within 14 days,2026-10-08T19:58:26.608888+00:00
2026_UAD_534587_1,Directorate Urban Administration and Development,Directorate Urban Administration and Development||Muncipal Corporations - UAD||Muncipal Corporation-Gwalior - UAD||Engineering (PWD) Deptt. - MC Gwalior - UAD,[Moulik Nidhi Construction of C.C. Road Work At Hari Shankar puram in D-10 to D-104 and Kushwah House to sahib singh. ward No. 58. Zone No. 13. File No. 432/26x3/6. ],2026_UAD_534587_1,08-Sep-2026 05:30 PM,09-Oct-2026 05:30 PM,12-Oct-2026 11:00 AM,Closing within 14 days,2026-10-08T19:58:26.631079+00:00
2026_UAD_534606_1,Directorate Urban Administration and Development,Directorate Urban Administration and Development||Muncipal Corporations - UAD||Muncipal Corporation-Gwalior - UAD||Engineering (PWD) Deptt. - MC Gwalior - UAD,[Moulik Nidhi Construction of C.C. Nali At Vibhinn Galiyon me. ward No. 13. Zone No. 04. File No. 440/26X3/6. ],2026_UAD_534606_1,08-Sep-2026 05:30 PM,09-Oct-2026 05:30 PM,12-Oct-2026 11:00 AM,Closing within 14 days,2026-10-08T19:58:26.653079+00:00
2026_UAD_534593_1,Directorate Urban Administration and Development,Directorate Urban Administration and Development||Muncipal Corporations - UAD||Muncipal Corporation-Gwalior - UAD||Engineering (PWD) Deptt. - MC Gwalior - UAD,[Moulik Nidhi Construction work of C.C. Road Jati ki line Maa Vesnopuram Palak Kirana Shyam Rathore ke Ghar se Raghuveer Kirana tak. ward No. 15. Zone No. 03. File No. 501/26X3/6. ],2026_UAD_534593_1,08-Sep-2026 05:30 PM,09-Oct-2026 05:30 PM,12-Oct-2026 11:00 AM,Closing within 14 days,2026-10-08T19:58:26.675133+00:00
2026_UAD_474834_3,Directorate Urban Administration and Development,Directorate Urban Administration and Development||Join Director-Jabalpur Division - UAD||Narsinghpur-Nagar Parishad Chichli - UAD,[Auction of Under Construction Complex Shop No. 18 Located Near Nagar Parishad office on Lease for 30 Years on Rent Basis - Reserved for SC - 3rd Call],2026_UAD_474834_3,03-Sep-2026 06:55 PM,09-Oct-2026 05:30 PM,10-Oct-2026 05:30 PM,Closing within 14 days,2026-10-08T19:58:31.774063+00:00
2026_UAD_474585_3,Directorate Urban Administration and Development,Directorate Urban Administration and Development||Join Director-Jabalpur Division - UAD||Narsinghpur-Nagar Parishad Chichli - UAD,[Auction of Under Construction Complex Shop No. 03 Located at Old Thana Road in Ward No. 01 on Lease for 30 Years on Rent Basis - Unreserved - 3rd Call],2026_UAD_474585_3,03-Sep-2026 06:55 PM,09-Oct-2026 05:30 PM,10-Oct-2026 05:30 PM,Closing within 14 days,2026-10-08T19:58:31.796281+00:00
2026_UAD_474835_3,Directorate Urban Administration and Development,Directorate Urban Administration and Development||Join Director-Jabalpur Division - UAD||Narsinghpur-Nagar Parishad Chichli - UAD,[Auction of Under Construction Complex Shop No. 19 Located Near Nagar Parishad office on Lease for 30 Years on Rent Basis - Reserved for OBC - 3rd Call],2026_UAD_474835_3,03-Sep-2026 06:55 PM,09-Oct-2026 05:30 PM,10-Oct-2026 05:30 PM,Closing within 14 days,2026-10-08T19:58:31.818587+00:00
2026_UAD_533734_1,Directorate Urban Administration and Development,Directorate Urban Administration and Development||Join Director-Jabalpur Division - UAD||Seoni -Nagar Parishad Lakhnadon - UAD,[CONSTRUCTION OF CC TOP COAT And RCC DRAIN WARD NO 09 NIRMAL CHAND JAIN HOUSE TO ANIL PATHROTHE HOUSE],2026_UAD_533734_1,04-Sep-2026 06:30 PM,09-Oct-2026 05:30 PM,12-Oct-2026 11:00 AM,Closing within 14 days,2026-10-08T19:58:31.840830+00:00
2026_UAD_533735_1,Directorate Urban Administration and Development,Directorate Urban Administration and Development||Join Director-Jabalpur Division - UAD||Seoni -Nagar Parishad Lakhnadon - UAD,[CONSTRUCTION OF DIVIDER WARD NO 12 WAHID KHAN HOUSE TO HANUMAN MANDIOR],2026_UAD_533735_1,04-Sep-2026 06:30 PM,09-Oct-2026 05:30 PM,12-Oct-2026 11:00 AM,Closing within 14 days,2026-10-08T19:58:31.863069+00:00
2026_UAD_474589_3,Directorate Urban Administration and Development,Directorate Urban Administration and Development||Join Director-Jabalpur Division - UAD||Narsinghpur-Nagar Parishad Chichli - UAD,[Auction of Under Construction Complex Shop No. 07 Located at Old Thana Road in Ward No. 01 on Lease for 30 Years on Rent Basis - Reserved for SC - 3rd Call],2026_UAD_474589_3,03-Sep-2026 06:55 PM,09-Oct-2026 05:30 PM,10-Oct-2026 05:30 PM,Closing within 14 days,2026-10-08T19:58:31.886063+00:00
2026_UAD_474836_3,Directorate Urban Administration and Development,Directorate Urban Administration and Development||Join Director-Jabalpur Division - UAD||Narsinghpur-Nagar Parishad Chichli - UAD,[Auction of Under Construction Complex Shop No. 20 Located Near Nagar Parishad office on Lease for 30 Years on Rent Basis - Reserved for OBC - 3rd Call],2026_UAD_474836_3,03-Sep-2026 06:55 PM,09-Oct-2026 05:30 PM,10-Oct-2026 05:30 PM,Closing within 14 days,2026-10-08T19:58:31.908775+00:00
2026_UAD_533179_1,Directorate Urban Administration and Development,Directorate Urban Administration and Development||Join Director-Jabalpur Division - UAD||Chhindwara-Nagar Parishad Mohgaon - UAD,"[Construction Of Stadium At Heti Nala Ground, Ward No. 04, Mohagao]",2026_UAD_533179_1,03-Sep-2026 05:40 PM,09-Oct-2026 05:30 PM,12-Oct-2026 11:00 AM,Closing within 14 days,2026-10-08T19:58:31.930954+00:00
2026_UAD_533732_1,Directorate Urban Administration and Development,Directorate Urban Administration and Development||Join Director-Jabalpur Division - UAD||Seoni -Nagar Parishad Lakhnadon - UAD,[CONSTRUCTION OF CC ROAD WARD NO 02 SATFERE LOWN TO BABULAL SONI HOUSE],2026_UAD_533732_1,04-Sep-2026 06:30 PM,09-Oct-2026 05:30 PM,12-Oct-2026 11:00 AM,Closing within 14 days,2026-10-08T19:58:31.953027+00:00
2026_UAD_534635_1,Directorate Urban Administration and Development,Directorate Urban Administration and Development||Join Director-Ujjain Division - UAD||Ujjain-Nagar Palika Nagda - UAD,[Construction of Park Development Work at Ward No. 9 Near Shitlanand Vyayamshala],2026_UAD_534635_1,10-Sep-2026 10:30 AM,09-Oct-2026 05:30 PM,12-Oct-2026 10:30 AM,Closing within 14 days,2026-10-08T19:58:31.975184+00:00
2026_UAD_533733_1,Directorate Urban Administration and Development,Directorate Urban Administration and Development||Join Director-Jabalpur Division - UAD||Seoni -Nagar Parishad Lakhnadon - UAD,[CON. And LAYING OF PAVER BLOCK WARD NO 2 And 8 AGGRAWAL CHOURAHA TO BASIC SCHOOL LAKHNADON],2026_UAD_533733_1,04-Sep-2026 06:30 PM,09-Oct-2026 05:30 PM,12-Oct-2026 11:00 AM,Closing within 14 days,2026-10-08T19:58:37.119697+00:00
2026_UAD_534268_1,Directorate Urban Administration and Development,Directorate Urban Administration and Development||Join Director-Narmadapuram Division - UAD||Betul-Nagar Palika Betul - UAD,[CONSTRUCTION OF CC ROAD FROM MISHRA JI HOUSE IN FRONT OF BANJARI MATA MANDIR TEMPLE VIA VIJAY THAKRE TO KRISHNA MALVI IN ITARSI ROAD AMBEDKAR WARD BETUL],2026_UAD_534268_1,09-Sep-2026 12:30 PM,09-Oct-2026 05:30 PM,12-Oct-2026 10:30 AM,Closing within 14 days,2026-10-08T19:58:37.142107+00:00
2026_UAD_474838_3,Directorate Urban Administration and Development,Directorate Urban Administration and Development||Join Director-Jabalpur Division - UAD||Narsinghpur-Nagar Parishad Chichli - UAD,[Auction of Under Construction Complex Shop No. 21 Located Near Nagar Parishad office on Lease for 30 Years on Rent Basis - Reserved for Disabled - 3rd Call],2026_UAD_474838_3,03-Sep-2026 06:55 PM,09-Oct-2026 05:30 PM,10-Oct-2026 05:30 PM,Closing within 14 days,2026-10-08T19:58:37.164380+00:00
2026_UAD_534541_1,Directorate Urban Administration and Development,Directorate Urban Administration and Development||Muncipal Corporations - UAD||Muncipal Corporation-Gwalior - UAD||Engineering (PWD) Deptt. - MC Gwalior - UAD,[Moulik Nidhi Construction of C.C. Road and Nali at Kishan Bag padri Mohalla ki Galiyon me. ward No. 01. Zone No. 01. File No. 1463/26. ],2026_UAD_534541_1,08-Sep-2026 05:30 PM,09-Oct-2026 05:30 PM,12-Oct-2026 11:00 AM,Closing within 14 days,2026-10-08T19:58:37.186976+00:00
2026_UAD_533180_1,Directorate Urban Administration and Development,Directorate Urban Administration and Development||Join Director-Jabalpur Division - UAD||Chhindwara-Nagar Parishad Mohgaon - UAD,"[Construction Of R.C.C. Ghat And Beautification Work Along The Sarpa River At Ward No. 10 and 13, Mohagao]",2026_UAD_533180_1,03-Sep-2026 05:45 PM,09-Oct-2026 05:30 PM,12-Oct-2026 12:00 PM,Closing within 14 days,2026-10-08T19:58:37.209629+00:00
2026_UAD_474841_3,Directorate Urban Administration and Development,Directorate Urban Administration and Development||Join Director-Jabalpur Division - UAD||Narsinghpur-Nagar Parishad Chichli - UAD,[Auction of Under Construction Complex Shop No. 23 Located Near Nagar Parishad office on Lease for 30 Years on Rent Basis - Reserved for Woman (Widow) - 3rd Call],2026_UAD_474841_3,03-Sep-2026 06:55 PM,09-Oct-2026 05:30 PM,10-Oct-2026 05:30 PM,Closing within 14 days,2026-10-08T19:58:37.232177+00:00
2026_UAD_474591_3,Directorate Urban Administration and Development,Directorate Urban Administration and Development||Join Director-Jabalpur Division - UAD||Narsinghpur-Nagar Parishad Chichli - UAD,[Auction of Under Construction Complex Shop No. 09 Located at Old Thana Road in Ward No. 01 on Lease for 30 Years on Rent Basis - Reserved for ST - 3rd Call],2026_UAD_474591_3,03-Sep-2026 06:55 PM,09-Oct-2026 05:30 PM,10-Oct-2026 05:30 PM,Closing within 14 days,2026-10-08T19:58:37.254770+00:00
2026_UAD_534600_1,Directorate Urban Administration and Development,Directorate Urban Administration and Development||Join Director-Narmadapuram Division - UAD||Betul-Nagar Palika Betul - UAD,[CONSTRUCTION OF HUME PIPE DRAIN AND RCC CHAMBERS FROM AWASTHI MEDAM HOUSE TO NEW BETUL GROUND IN KIDWAI WARD BETUL],2026_UAD_534600_1,09-Sep-2026 12:30 PM,09-Oct-2026 05:30 PM,12-Oct-2026 10:30 AM,Closing within 14 days,2026-10-08T19:58:37.277411+00:00
2026_UAD_474842_3,Directorate Urban Administration and Development,Directorate Urban Administration and Development||Join Director-Jabalpur Division - UAD||Narsinghpur-Nagar Parishad Chichli - UAD,[Auction of Under Construction Complex Shop No. 24 Located Near Nagar Parishad office on Lease for 30 Years on Rent Basis - Unreserved - 3rd Call],2026_UAD_474842_3,03-Sep-2026 06:55 PM,09-Oct-2026 05:30 PM,10-Oct-2026 05:30 PM,Closing within 14 days,2026-10-08T19:58:37.300329+00:00
2026_UAD_534522_1,Directorate Urban Administration and Development,Directorate Urban Administration and Development||Muncipal Corporations - UAD||Muncipal Corporation-Gwalior - UAD||Engineering (PWD) Deptt. - MC Gwalior - UAD,[Nigam Nidhi Construction of B.T Road and Nala Nirman at Sheel nagar Ambedkar Park and Kasish Vatika ke Pass. Zone 01 Ward no 05. File No.1105/26.],2026_UAD_534522_1,08-Sep-2026 05:30 PM,09-Oct-2026 05:30 PM,12-Oct-2026 11:00 AM,Closing within 14 days,2026-10-08T19:58:37.323044+00:00
2026_UAD_534530_1,Directorate Urban Administration and Development,Directorate Urban Administration and Development||Muncipal Corporations - UAD||Muncipal Corporation - Sagar - UAD,"[Construction of toilet facilities at Harisingh Gour University (Arts and Commerce), Lakshmipura Ward, Sagar]",2026_UAD_534530_1,10-Sep-2026 10:30 AM,09-Oct-2026 05:30 PM,12-Oct-2026 03:00 PM,Closing within 14 days,2026-10-08T19:58:42.263721+00:00
2026_UAD_534270_1,Directorate Urban Administration and Development,Directorate Urban Administration and Development||Join Director-Narmadapuram Division - UAD||Betul-Nagar Palika Betul - UAD,[CONSTRUCTION OF RCC DRAIN FROM CHAKKAR ROAD VIA SUNNY PAWAR HOUSE TO DRAIN IN MOTI WARD BETUL ],2026_UAD_534270_1,09-Sep-2026 12:30 PM,09-Oct-2026 05:30 PM,12-Oct-2026 10:30 AM,Closing within 14 days,2026-10-08T19:58:42.299087+00:00
2026_UAD_474593_3,Directorate Urban Administration and Development,Directorate Urban Administration and Development||Join Director-Jabalpur Division - UAD||Narsinghpur-Nagar Parishad Chichli - UAD,[Auction of Under Construction Complex Shop No. 10 Located at Old Thana Road in Ward No. 01 on Lease for 30 Years on Rent Basis - Reserved for OBC - 3rd Call],2026_UAD_474593_3,03-Sep-2026 06:55 PM,09-Oct-2026 05:30 PM,10-Oct-2026 05:30 PM,Closing within 14 days,2026-10-08T19:58:42.321857+00:00
2026_UAD_474844_3,Directorate Urban Administration and Development,Directorate Urban Administration and Development||Join Director-Jabalpur Division - UAD||Narsinghpur-Nagar Parishad Chichli - UAD,[Auction of Under Construction Complex Shop No. 26 Located Near Nagar Parishad office on Lease for 30 Years on Rent Basis - Unreserved - 3rd Call],2026_UAD_474844_3,03-Sep-2026 06:55 PM,09-Oct-2026 05:30 PM,10-Oct-2026 05:30 PM,Closing within 14 days,2026-10-08T19:58:42.344620+00:00
2026_UAD_534501_1,Directorate Urban Administration and Development,Directorate Urban Administration and Development||Muncipal Corporations - UAD||Muncipal Corporation-Gwalior - UAD||Engineering (PWD) Deptt. - MC Gwalior - UAD,[Moulik Nidhi Construction of C.C. Road At Rathore Chowk Nandu Kirana Store. ward No. 15. Zone No. 03. File No. 500/26x3/6. ],2026_UAD_534501_1,08-Sep-2026 05:30 PM,09-Oct-2026 05:30 PM,12-Oct-2026 11:00 AM,Closing within 14 days,2026-10-08T19:58:42.370704+00:00
2026_UAD_534640_1,Directorate Urban Administration and Development,Directorate Urban Administration and Development||Join Director-Ujjain Division - UAD||Ujjain-Nagar Palika Nagda - UAD,[Construction of U Shape Drain at Ward No. 15],2026_UAD_534640_1,10-Sep-2026 10:30 AM,09-Oct-2026 05:30 PM,12-Oct-2026 10:30 AM,Closing within 14 days,2026-10-08T19:58:42.393069+00:00
2026_UAD_534497_1,Directorate Urban Administration and Development,Directorate Urban Administration and Development||Muncipal Corporations - UAD||Muncipal Corporation-Gwalior - UAD||Engineering (PWD) Deptt. - MC Gwalior - UAD,[Construction of R.C.C. Nala work at University Road Infront Silver State Ward No.30 Zone No.11.File No.438/26X3/6. ],2026_UAD_534497_1,08-Sep-2026 05:30 PM,09-Oct-2026 05:30 PM,12-Oct-2026 11:00 AM,Closing within 14 days,2026-10-08T19:58:42.415358+00:00
2026_UAD_534654_1,Directorate Urban Administration and Development,Directorate Urban Administration and Development||Join Director-Ujjain Division - UAD||Ujjain-Nagar Palika Nagda - UAD,[Street Light Work From Yash Public School to Ring Road at Ward No. 25 Amlawadiya Road],2026_UAD_534654_1,10-Sep-2026 10:30 AM,09-Oct-2026 05:30 PM,12-Oct-2026 10:30 AM,Closing within 14 days,2026-10-08T19:58:42.437499+00:00
2026_UAD_474595_3,Directorate Urban Administration and Development,Directorate Urban Administration and Development||Join Director-Jabalpur Division - UAD||Narsinghpur-Nagar Parishad Chichli - UAD,[Auction of Under Construction Complex Shop No. 11 Located at Old Thana Road in Ward No. 01 on Lease for 30 Years on Rent Basis - Reserved for Female (Widow) - 3rd Call],2026_UAD_474595_3,03-Sep-2026 06:55 PM,09-Oct-2026 05:30 PM,10-Oct-2026 05:30 PM,Closing within 14 days,2026-10-08T19:58:42.460035+00:00
2026_UAD_474847_3,Directorate Urban Administration and Development,Directorate Urban Administration and Development||Join Director-Jabalpur Division - UAD||Narsinghpur-Nagar Parishad Chichli - UAD,[Auction of Under Construction Complex Shop No. 27 Located Near Nagar Parishad office on Lease for 30 Years on Rent Basis - Unreserved - 3rd Call],2026_UAD_474847_3,03-Sep-2026 06:55 PM,09-Oct-2026 05:30 PM,10-Oct-2026 05:30 PM,Closing within 14 days,2026-10-08T19:58:42.482315+00:00
2026_UAD_533181_1,Directorate Urban Administration and Development,Directorate Urban Administration and Development||Join Director-Jabalpur Division - UAD||Chhindwara-Nagar Parishad Mohgaon - UAD,"[Construction Of Shop On GF Near Bus Stand, Ward No. 06, Mohagao]",2026_UAD_533181_1,03-Sep-2026 06:00 PM,09-Oct-2026 05:30 PM,12-Oct-2026 12:00 PM,Closing within 14 days,2026-10-08T19:58:47.459085+00:00
2026_UAD_533182_1,Directorate Urban Administration and Development,Directorate Urban Administration and Development||Join Director-Jabalpur Division - UAD||Chhindwara-Nagar Parishad Mohgaon - UAD,"[Construction Of Shop On GF Near Bridge At Ward No. 10, Mohagao]",2026_UAD_533182_1,03-Sep-2026 06:10 PM,09-Oct-2026 05:30 PM,12-Oct-2026 12:00 PM,Closing within 14 days,2026-10-08T19:58:47.481465+00:00
2026_UAD_474816_3,Directorate Urban Administration and Development,Directorate Urban Administration and Development||Join Director-Jabalpur Division - UAD||Narsinghpur-Nagar Parishad Chichli - UAD,[Auction of Under Construction Complex Shop No. 01 Located Near Nagar Parishad office on Lease for 30 Years on Rent Basis - Unreserved - 3rd Call],2026_UAD_474816_3,03-Sep-2026 06:55 PM,09-Oct-2026 05:30 PM,10-Oct-2026 05:30 PM,Closing within 14 days,2026-10-08T19:58:47.503770+00:00
2026_UAD_534622_1,Directorate Urban Administration and Development,Directorate Urban Administration and Development||Muncipal Corporations - UAD||Muncipal Corporation-Gwalior - UAD||Engineering (PWD) Deptt. - MC Gwalior - UAD,"[(Parshad Nidhi) Beautyfication work at Govt. Place and Mohan Nagar, tikoniya Park ward No. 24 zone No. 11 file No. 182/26X3/3]",2026_UAD_534622_1,08-Sep-2026 05:30 PM,09-Oct-2026 05:30 PM,12-Oct-2026 11:00 AM,Closing within 14 days,2026-10-08T19:58:47.526136+00:00
2026_UAD_534665_1,Directorate Urban Administration and Development,Directorate Urban Administration and Development||Join Director-Chambal Division - UAD||Morena-Nagar Parishad Kailaras - UAD,[Construction of a divider and installation of octagonal poles (M.S. light poles) at Old Sabji Mandi Main Road. Under Municipal Council Kailaras distt. Morena],2026_UAD_534665_1,09-Sep-2026 10:00 AM,09-Oct-2026 05:30 PM,12-Oct-2026 10:00 AM,Closing within 14 days,2026-10-08T19:58:47.548571+00:00
2026_UAD_534599_1,Directorate Urban Administration and Development,Directorate Urban Administration and Development||Join Director-Narmadapuram Division - UAD||Betul-Nagar Palika Betul - UAD,[CONSTRUCTION OF RCC DRAIN FROM ANTU HOUSE TO SARAAF BABUJI HOUSE IN SHIVAJI WARD BETUL],2026_UAD_534599_1,09-Sep-2026 12:30 PM,09-Oct-2026 05:30 PM,12-Oct-2026 10:30 AM,Closing within 14 days,2026-10-08T19:58:47.570806+00:00
2026_UAD_534779_1,Directorate Urban Administration and Development,Directorate Urban Administration and Development||Join Director-Jabalpur Division - UAD||Balaghat-Nagar Palika Malajkhand - UAD,"[Procurement of New Vehicle Chassis suitable for existing Hydraulic Sky Lift and dismantling, shifting, installation, testing and commissioning of existing Sky Lift from old vehicle to the new vehicle chassis.]",2026_UAD_534779_1,09-Sep-2026 05:30 PM,09-Oct-2026 05:30 PM,12-Oct-2026 11:00 AM,Closing within 14 days,2026-10-08T19:58:47.592987+00:00
2026_UAD_474849_3,Directorate Urban Administration and Development,Directorate Urban Administration and Development||Join Director-Jabalpur Division - UAD||Narsinghpur-Nagar Parishad Chichli - UAD,[Auction of Under Construction Complex Shop No. 28 Located Near Nagar Parishad office on Lease for 30 Years on Rent Basis - Unreserved - 3rd Call],2026_UAD_474849_3,03-Sep-2026 06:55 PM,09-Oct-2026 05:30 PM,10-Oct-2026 05:30 PM,Closing within 14 days,2026-10-08T19:58:47.615703+00:00
2026_UAD_474817_3,Directorate Urban Administration and Development,Directorate Urban Administration and Development||Join Director-Jabalpur Division - UAD||Narsinghpur-Nagar Parishad Chichli - UAD,[Auction of Under Construction Complex Shop No. 02 Located Near Nagar Parishad office on Lease for 30 Years on Rent Basis - Unreserved - 3rd Call],2026_UAD_474817_3,03-Sep-2026 06:55 PM,09-Oct-2026 05:30 PM,10-Oct-2026 05:30 PM,Closing within 14 days,2026-10-08T19:58:47.637914+00:00
2026_UAD_534554_1,Directorate Urban Administration and Development,Directorate Urban Administration and Development||Muncipal Corporations - UAD||Muncipal Corporation-Gwalior - UAD||Engineering (PWD) Deptt. - MC Gwalior - UAD,[Construction work of BT Road at Saudagar Santar and Jain Santar Morar Ward No.27 Zone No.09.File No.28/26X3/5. ],2026_UAD_534554_1,08-Sep-2026 05:30 PM,09-Oct-2026 05:30 PM,12-Oct-2026 11:00 AM,Closing within 14 days,2026-10-08T19:58:47.660067+00:00
2026_UAD_534512_1,Directorate Urban Administration and Development,Directorate Urban Administration and Development||Muncipal Corporations - UAD||Muncipal Corporation-Gwalior - UAD||Engineering (PWD) Deptt. - MC Gwalior - UAD,[Moulik Nidhi Construction of C.C. Road At New Prem Nagar Bagwat sahay vidhalay ke pass. ward No. 08. Zone No. 03. File No. 499/26x3/6. ],2026_UAD_534512_1,08-Sep-2026 05:30 PM,09-Oct-2026 05:30 PM,12-Oct-2026 11:00 AM,Closing within 14 days,2026-10-08T19:58:52.769649+00:00
2026_UAD_534800_1,Directorate Urban Administration and Development,Directorate Urban Administration and Development||Join Director-Jabalpur Division - UAD||Balaghat-Nagar Palika Malajkhand - UAD,"[Procurement and Supply of One New Funeral Vehicle (Shav Vahan) including New Vehicle Chassis, Complete Body Fabrication, Interior Arrangement, Stretcher System, Electrical Fittings, Safety Equipment and all other necessary accessories on Turnkey Basi]",2026_UAD_534800_1,09-Sep-2026 05:30 PM,09-Oct-2026 05:30 PM,12-Oct-2026 11:00 AM,Closing within 14 days,2026-10-08T19:58:52.791909+00:00
2026_UAD_534834_1,Directorate Urban Administration and Development,Directorate Urban Administration and Development||Muncipal Corporations - UAD||Muncipal Corporation-Gwalior - UAD||Engineering (PWD) Deptt. - MC Gwalior - UAD,[Construction Work of B.T Road At Shri Krishna Colony Main Road. Ward no 51. File No.42/26X3/5.],2026_UAD_534834_1,09-Sep-2026 05:30 PM,09-Oct-2026 05:30 PM,12-Oct-2026 11:00 AM,Closing within 14 days,2026-10-08T19:58:52.813895+00:00
2026_UAD_534762_1,Directorate Urban Administration and Development,Directorate Urban Administration and Development||Join Director-Rewa Division - UAD||Rewa-Nagar Parishad Teonthar - UAD,[CONSTRUCTION OF DRAIN WITH HUME PIPE WARD NO.08 MAHANARAYAN SHUKLA HOUSE TO CHOTI NADI TAK],2026_UAD_534762_1,09-Sep-2026 05:30 PM,09-Oct-2026 05:30 PM,12-Oct-2026 10:30 AM,Closing within 14 days,2026-10-08T19:58:52.835966+00:00
2026_UAD_534759_1,Directorate Urban Administration and Development,Directorate Urban Administration and Development||Join Director-Rewa Division - UAD||Rewa-Nagar Parishad Teonthar - UAD,[CONSTRUCTION OF DRAIN WITH REMAINING PCC ROAD WARD NO.11 MAGARDAHA NALA TO BHOLA NATH PATHAK HOSUE ],2026_UAD_534759_1,09-Sep-2026 05:30 PM,09-Oct-2026 05:30 PM,12-Oct-2026 10:30 AM,Closing within 14 days,2026-10-08T19:58:52.858197+00:00
2026_UAD_534775_1,Directorate Urban Administration and Development,Directorate Urban Administration and Development||Muncipal Corporations - UAD||Muncipal Corporation - Morena - UAD||General Administration Deptt. - MC Morena - UAD,[2026/E-Tender/626/ward 37],2026_UAD_534775_1,09-Sep-2026 03:00 PM,09-Oct-2026 05:30 PM,12-Oct-2026 09:00 AM,Closing within 14 days,2026-10-08T19:58:52.880145+00:00
2026_UAD_534756_1,Directorate Urban Administration and Development,Directorate Urban Administration and Development||Join Director-Rewa Division - UAD||Rewa-Nagar Parishad Teonthar - UAD,[CONSTRUCTION OF PCC ROAD IN WARD NO. 12 MUNNILAL YADAV TO CHITRAHA NALA TAK],2026_UAD_534756_1,09-Sep-2026 05:30 PM,09-Oct-2026 05:30 PM,12-Oct-2026 10:30 AM,Closing within 14 days,2026-10-08T19:58:52.902172+00:00
2026_UAD_534777_1,Directorate Urban Administration and Development,Directorate Urban Administration and Development||Muncipal Corporations - UAD||Muncipal Corporation - Morena - UAD||General Administration Deptt. - MC Morena - UAD,[2026/E-Tender/627/ward 37],2026_UAD_534777_1,09-Sep-2026 03:00 PM,09-Oct-2026 05:30 PM,12-Oct-2026 09:00 AM,Closing within 14 days,2026-10-08T19:58:52.926736+00:00
2026_UAD_525566_1,Directorate Urban Administration and Development,Directorate Urban Administration and Development||Join Director-Rewa Division - UAD||Rewa-Nagar Parishad Teonthar - UAD,[CONSTRUCTION OF WBM ROAD IN WARD NO.05 LOHARI MOHALLA TO BANDWA TALAB ],2026_UAD_525566_1,09-Sep-2026 05:30 PM,09-Oct-2026 05:30 PM,12-Oct-2026 10:30 AM,Closing within 14 days,2026-10-08T19:58:52.948918+00:00
2026_UAD_534847_1,Directorate Urban Administration and Development,Directorate Urban Administration and Development||Muncipal Corporations - UAD||Muncipal Corporation-Gwalior - UAD||Engineering (PWD) Deptt. - MC Gwalior - UAD,[Moulik Nidhi Construction work of C.C. Floor at New Shri Krishan Colony. ward No. 51. File No. 390/26X3/6. ],2026_UAD_534847_1,09-Sep-2026 05:30 PM,09-Oct-2026 05:30 PM,12-Oct-2026 11:00 AM,Closing within 14 days,2026-10-08T19:58:52.971024+00:00
2026_UAD_534782_1,Directorate Urban Administration and Development,Directorate Urban Administration and Development||Muncipal Corporations - UAD||Muncipal Corporation - Morena - UAD||General Administration Deptt. - MC Morena - UAD,[2026/E-Tender/625/ward 12],2026_UAD_534782_1,09-Sep-2026 04:00 PM,09-Oct-2026 05:30 PM,12-Oct-2026 09:00 AM,Closing within 14 days,2026-10-08T19:58:57.877559+00:00
2026_UAD_534783_1,Directorate Urban Administration and Development,Directorate Urban Administration and Development||Muncipal Corporations - UAD||Muncipal Corporation - Morena - UAD||General Administration Deptt. - MC Morena - UAD,[2026/E-Tender/628/ward 24],2026_UAD_534783_1,09-Sep-2026 04:00 PM,09-Oct-2026 05:30 PM,12-Oct-2026 09:00 AM,Closing within 14 days,2026-10-08T19:58:57.899785+00:00
2026_UAD_534785_1,Directorate Urban Administration and Development,Directorate Urban Administration and Development||Muncipal Corporations - UAD||Muncipal Corporation - Morena - UAD||General Administration Deptt. - MC Morena - UAD,[2026/E-Tender/629/ward 24],2026_UAD_534785_1,09-Sep-2026 04:00 PM,09-Oct-2026 05:30 PM,12-Oct-2026 09:00 AM,Closing within 14 days,2026-10-08T19:58:57.922441+00:00
2026_UAD_534787_1,Directorate Urban Administration and Development,Directorate Urban Administration and Development||Muncipal Corporations - UAD||Muncipal Corporation - Morena - UAD||General Administration Deptt. - MC Morena - UAD,[2026/E-Tender/632/ward 11],2026_UAD_534787_1,09-Sep-2026 04:00 PM,09-Oct-2026 05:30 PM,12-Oct-2026 09:00 AM,Closing within 14 days,2026-10-08T19:58:57.944483+00:00
2026_UAD_534788_1,Directorate Urban Administration and Development,Directorate Urban Administration and Development||Muncipal Corporations - UAD||Muncipal Corporation - Morena - UAD||General Administration Deptt. - MC Morena - UAD,[2026/E-Tender/633/ward 11],2026_UAD_534788_1,09-Sep-2026 04:00 PM,09-Oct-2026 05:30 PM,12-Oct-2026 09:00 AM,Closing within 14 days,2026-10-08T19:58:57.967072+00:00
2026_UAD_534955_1,Directorate Urban Administration and Development,Directorate Urban Administration and Development||Muncipal Corporations - UAD||Muncipal Corporation-Gwalior - UAD||Engineering (PWD) Deptt. - MC Gwalior - UAD,[Moulik Nidhi Providing and Fixing Paver Block and C.C. Road at Sidhheswar Hanuman Mandir and Sarswati Nagar. ward No. 30. File No. 451/26X3/6. ],2026_UAD_534955_1,09-Sep-2026 05:30 PM,09-Oct-2026 05:30 PM,12-Oct-2026 11:00 AM,Closing within 14 days,2026-10-08T19:58:57.989642+00:00
2026_UAD_534789_1,Directorate Urban Administration and Development,Directorate Urban Administration and Development||Muncipal Corporations - UAD||Muncipal Corporation - Morena - UAD||General Administration Deptt. - MC Morena - UAD,[2026/E-Tender/589/ward 40],2026_UAD_534789_1,09-Sep-2026 04:00 PM,09-Oct-2026 05:30 PM,12-Oct-2026 09:00 AM,Closing within 14 days,2026-10-08T19:58:58.012897+00:00
2026_UAD_534963_1,Directorate Urban Administration and Development,Directorate Urban Administration and Development||Muncipal Corporations - UAD||Muncipal Corporation-Gwalior - UAD||Engineering (PWD) Deptt. - MC Gwalior - UAD,[Moulik Nidhi Construction work of C.C. Road at Balwant Nagar Rajendra Bhadoreiya Ke As Pass Bali Galiya. ward No. 30. Zone 11. File No. 450/26X3/6. ],2026_UAD_534963_1,09-Sep-2026 05:30 PM,09-Oct-2026 05:30 PM,12-Oct-2026 11:00 AM,Closing within 14 days,2026-10-08T19:58:58.035136+00:00
2026_UAD_534903_1,Directorate Urban Administration and Development,Directorate Urban Administration and Development||Muncipal Corporations - UAD||Muncipal Corporation-Bhopal - UAD||Civil - MC Bhopal- UAD,[LAYING OF PAVER BLOCK AT JAIN MANDIR ROAD TULSI NAGAR WARD 31 ZONE 07],2026_UAD_534903_1,10-Sep-2026 11:00 AM,09-Oct-2026 05:30 PM,10-Oct-2026 11:00 AM,Closing within 14 days,2026-10-08T19:58:58.057718+00:00
2026_UAD_535029_1,Directorate Urban Administration and Development,Directorate Urban Administration and Development||Muncipal Corporations - UAD||Muncipal Corporation-Gwalior - UAD||Water Supply (PHE) Deptt. - MC Gwalior - UAD,"[Laying, Connecting and Jointing of 300 mm dia and 400 mm dia water lines at Sanjay Complex in ward no. 57 and 58 file no. 127/26X9/1]",2026_UAD_535029_1,09-Sep-2026 05:30 PM,09-Oct-2026 05:30 PM,12-Oct-2026 11:00 AM,Closing within 14 days,2026-10-08T19:58:58.081457+00:00
2026_UAD_534904_1,Directorate Urban Administration and Development,Directorate Urban Administration and Development||Muncipal Corporations - UAD||Muncipal Corporation-Bhopal - UAD||Civil - MC Bhopal- UAD,[CONSTRUCTION OF NALLA AT AHIRPURA INFRONT OF BANK COLONY WARD 34 ZONE 07],2026_UAD_534904_1,10-Sep-2026 11:00 AM,09-Oct-2026 05:30 PM,10-Oct-2026 11:00 AM,Closing within 14 days,2026-10-08T19:59:03.195127+00:00
2026_UAD_534152_1,Directorate Urban Administration and Development,Directorate Urban Administration and Development||Join Director-Indore Division - UAD||Dhar -Nagar Palika Pithampur - UAD,[Supply of Various Type of Material for financial year 2026-27],2026_UAD_534152_1,10-Sep-2026 11:00 AM,09-Oct-2026 05:30 PM,12-Oct-2026 11:00 AM,Closing within 14 days,2026-10-08T19:59:03.217313+00:00
2026_UAD_534153_1,Directorate Urban Administration and Development,Directorate Urban Administration and Development||Join Director-Indore Division - UAD||Dhar -Nagar Palika Pithampur - UAD,[Supply of Stationary Material for financial year 2026-27],2026_UAD_534153_1,10-Sep-2026 11:00 AM,09-Oct-2026 05:30 PM,12-Oct-2026 11:00 AM,Closing within 14 days,2026-10-08T19:59:03.239466+00:00
2026_UAD_535119_1,Directorate Urban Administration and Development,Directorate Urban Administration and Development||Join Director-Narmadapuram Division - UAD||Hoshangabad-Nagar Parishad Babai - UAD,[CONSTRUCTION OF PARK AT WARD NO 05 UNDER MUNICIPAL COUNCIL MAKHAN NAGAR.],2026_UAD_535119_1,10-Sep-2026 10:00 AM,09-Oct-2026 05:30 PM,12-Oct-2026 10:00 AM,Closing within 14 days,2026-10-08T19:59:03.261679+00:00
2026_UAD_534154_1,Directorate Urban Administration and Development,Directorate Urban Administration and Development||Join Director-Indore Division - UAD||Dhar -Nagar Palika Pithampur - UAD,[Supply of Vehicle Material for financial year 2026-27],2026_UAD_534154_1,10-Sep-2026 11:00 AM,09-Oct-2026 05:30 PM,12-Oct-2026 11:00 AM,Closing within 14 days,2026-10-08T19:59:03.283680+00:00
2026_UAD_533380_1,Directorate Urban Administration and Development,Directorate Urban Administration and Development||Join Director-Jabalpur Division - UAD||Narsinghpur-Nagar Palika Gadarwara - UAD,"[Allotment of Shop No. BS-01 at Bus Stand Complex Block B anc C constructed under stair in Nagar Palika Parishad, Gadarwara - Unreserved]",2026_UAD_533380_1,28-Sep-2026 10:00 AM,09-Oct-2026 05:30 PM,10-Oct-2026 05:30 PM,Closing within 14 days,2026-10-08T19:59:03.306368+00:00
2026_UAD_533381_1,Directorate Urban Administration and Development,Directorate Urban Administration and Development||Join Director-Jabalpur Division - UAD||Narsinghpur-Nagar Palika Gadarwara - UAD,"[Allotment of Shop No. BS-02 at Bus Stand Complex Block B anc C constructed under stair in Nagar Palika Parishad, Gadarwara - Unreserved]",2026_UAD_533381_1,28-Sep-2026 10:00 AM,09-Oct-2026 05:30 PM,10-Oct-2026 05:30 PM,Closing within 14 days,2026-10-08T19:59:03.328800+00:00
2026_UAD_533382_1,Directorate Urban Administration and Development,Directorate Urban Administration and Development||Join Director-Jabalpur Division - UAD||Narsinghpur-Nagar Palika Gadarwara - UAD,"[Allotment of Shop No. CS-01 at Bus Stand Complex Block B anc C constructed under stair in Nagar Palika Parishad, Gadarwara - Unreserved]",2026_UAD_533382_1,28-Sep-2026 10:00 AM,09-Oct-2026 05:30 PM,10-Oct-2026 05:30 PM,Closing within 14 days,2026-10-08T19:59:03.351295+00:00
2026_UAD_533383_1,Directorate Urban Administration and Development,Directorate Urban Administration and Development||Join Director-Jabalpur Division - UAD||Narsinghpur-Nagar Palika Gadarwara - UAD,"[Allotment of Shop No. CS-02 at Bus Stand Complex Block B anc C constructed under stair in Nagar Palika Parishad, Gadarwara - Reserved for SC]",2026_UAD_533383_1,28-Sep-2026 10:00 AM,09-Oct-2026 05:30 PM,10-Oct-2026 05:30 PM,Closing within 14 days,2026-10-08T19:59:03.373597+00:00
2026_PWDRB_538106_1,PWD- Roads and Bridges,PWD- Roads and Bridges||Indore CE West Zone - PWD||Barwani EE Zone Indore PWD,"[WHITE WASHING, COLOUR WASHING AND PAINTING WORK ON GOVT. RESIDENTIAL BUILDING UNDER SUB DIVISION BARWANI.]",2026_PWDRB_538106_1,28-Sep-2026 06:00 PM,09-Oct-2026 05:30 PM,12-Oct-2026 10:30 AM,Closing within 14 days,2026-10-08T19:59:03.395946+00:00
2026_PWDRB_538107_1,PWD- Roads and Bridges,PWD- Roads and Bridges||Indore CE West Zone - PWD||Barwani EE Zone Indore PWD,"[A/R,S/R AND OTHER WORK ON GOVT. NON RESIDENTIAL BUILDING (P.W.D. AND COURT DEPTT. UNDER SUB DIVISION BARWANI.]",2026_PWDRB_538107_1,28-Sep-2026 06:00 PM,09-Oct-2026 05:30 PM,12-Oct-2026 10:30 AM,Closing within 14 days,2026-10-08T19:59:08.354388+00:00
2026_PWDRB_538108_1,PWD- Roads and Bridges,PWD- Roads and Bridges||Indore CE West Zone - PWD||Barwani EE Zone Indore PWD,"[A/R,S/R AND OTHER REPAIR WORK ON GOVT. RESIDENTIAL BUILDING UNDER SUB DIVISION BARWANI.]",2026_PWDRB_538108_1,28-Sep-2026 06:00 PM,09-Oct-2026 05:30 PM,12-Oct-2026 10:30 AM,Closing within 14 days,2026-10-08T19:59:08.376781+00:00
2026_PWDRB_538109_1,PWD- Roads and Bridges,PWD- Roads and Bridges||Indore CE West Zone - PWD||Barwani EE Zone Indore PWD,"[WHITE WASHING, COLOUR WASHING AND PAINTING WORK ON GOVT. RESIDENTIAL BUILDING UNDER SUB DIVISION SENDHWA.]",2026_PWDRB_538109_1,28-Sep-2026 06:00 PM,09-Oct-2026 05:30 PM,12-Oct-2026 10:30 AM,Closing within 14 days,2026-10-08T19:59:08.399297+00:00
2026_PWDRB_538110_1,PWD- Roads and Bridges,PWD- Roads and Bridges||Indore CE West Zone - PWD||Barwani EE Zone Indore PWD,"[A/R,S/R AND OTHER REPAIR WORK ON GOVT. RESIDENTIAL BUILDING UNDER SUB DIVISION SENDHWA.]",2026_PWDRB_538110_1,28-Sep-2026 06:00 PM,09-Oct-2026 05:30 PM,12-Oct-2026 10:30 AM,Closing within 14 days,2026-10-08T19:59:08.421415+00:00
2026_PWDRB_538113_1,PWD- Roads and Bridges,PWD- Roads and Bridges||Indore CE West Zone - PWD||Barwani EE Zone Indore PWD,[WHITE WASHING COLOUR WASHING AND PAINTING WORK ON GOVT. NON RESIDENTIAL BUILDING (P.W.D. AND COURT DEPTT. UNDER SUB DIVISION SENDHWA.],2026_PWDRB_538113_1,28-Sep-2026 06:00 PM,09-Oct-2026 05:30 PM,12-Oct-2026 10:30 AM,Closing within 14 days,2026-10-08T19:59:08.443261+00:00
2026_PWDRB_538114_1,PWD- Roads and Bridges,PWD- Roads and Bridges||Indore CE West Zone - PWD||Barwani EE Zone Indore PWD,[AR/SR AND OTHER REPAIR WORK ON GOVT. NON RESIDENTIAL BUILDING (P.W.D. AND COURT DEPTT. UNDER SUB DIVISION SENDHWA.],2026_PWDRB_538114_1,28-Sep-2026 06:00 PM,09-Oct-2026 05:30 PM,12-Oct-2026 10:30 AM,Closing within 14 days,2026-10-08T19:59:08.465236+00:00
2026_PWDRB_538116_1,PWD- Roads and Bridges,PWD- Roads and Bridges||Indore CE West Zone - PWD||Barwani EE Zone Indore PWD,"[WHITE WASHING, COLOUR WASHING AND PAINTING WORK ON GOVT. RESIDENTIAL BUILDING UNDER SUB DIVISION RAJPUR.]",2026_PWDRB_538116_1,28-Sep-2026 06:00 PM,09-Oct-2026 05:30 PM,12-Oct-2026 10:30 AM,Closing within 14 days,2026-10-08T19:59:08.487262+00:00
2026_PWDRB_538117_1,PWD- Roads and Bridges,PWD- Roads and Bridges||Indore CE West Zone - PWD||Barwani EE Zone Indore PWD,[AR/SR AND OTHER REPAIR WORK ON GOVT. RESIDENTIAL BUILDING UNDER SUB DIVISION RAJPUR.],2026_PWDRB_538117_1,28-Sep-2026 06:00 PM,09-Oct-2026 05:30 PM,12-Oct-2026 10:30 AM,Closing within 14 days,2026-10-08T19:59:08.509463+00:00
2026_UAD_539156_1,Directorate Urban Administration and Development,Directorate Urban Administration and Development||Join Director-Ujjain Division - UAD||Shajapur -Nagar Parishad Pankhedi - UAD,"[Tender For Tent, Sound, Decoration, Lighting Work In Year 2026-27 ]",2026_UAD_539156_1,28-Sep-2026 05:30 PM,09-Oct-2026 05:30 PM,12-Oct-2026 11:00 AM,Closing within 14 days,2026-10-08T19:59:08.531587+00:00
2026_PHED_539208_1,Public Health Engineering- O/o Engineer In Chief,Public Health Engineering- O/o Engineer In Chief||Chief Engineer Jabalpur - PHED||Superintending Engineer Jabalpur - PHED||Executive Engineer-Dindori - PHED,[Supply of Alumina (Alum) for Madiyaras Group Water Supply Scheme District Dindori],2026_PHED_539208_1,29-Sep-2026 10:30 AM,09-Oct-2026 05:30 PM,12-Oct-2026 11:00 AM,Closing within 14 days,2026-10-08T19:59:08.554115+00:00
2026_WRD_537376_1,Engineer-in-Chief - Water Resources Department,Engineer-in-Chief - Water Resources Department||Chief engineer Procurement(Bhopal) - WRD,"[Turnkey Basis Construction of Faraspur Barrage cum causeway across Karam River, as per detailed scope of work but not limited to that]",2026_WRD_537376_1,28-Sep-2026 05:30 PM,09-Oct-2026 05:30 PM,12-Oct-2026 12:30 PM,Closing within 14 days,2026-10-08T19:59:13.423457+00:00
2026_PWDRB_538118_1,PWD- Roads and Bridges,PWD- Roads and Bridges||Indore CE West Zone - PWD||Barwani EE Zone Indore PWD,[SHOULDER REPAIR WORK ON VARIOUS ROADS UNDER SUB DIVISION RAJPUR.],2026_PWDRB_538118_1,28-Sep-2026 06:00 PM,09-Oct-2026 05:30 PM,12-Oct-2026 10:30 AM,Closing within 14 days,2026-10-08T19:59:13.445467+00:00
2026_PWDRB_538119_1,PWD- Roads and Bridges,PWD- Roads and Bridges||Indore CE West Zone - PWD||Barwani EE Zone Indore PWD,[MAINTAINANCE OF BRIDGE AND CULVERTS ON VARIOUS ROADS UNDER SUB DIVISION RAJPUR.],2026_PWDRB_538119_1,28-Sep-2026 06:00 PM,09-Oct-2026 05:30 PM,12-Oct-2026 10:30 AM,Closing within 14 days,2026-10-08T19:59:13.467566+00:00
2026_CPA_538537_1,Capital Project Administration,Capital Project Administration||SE Capital project (C) Circle||EE-Construction Division No. I-CPA-Bhopal,"[Barricading works at various Dussehra Maidan for Dussehra Mahotsav, Bhopal ]",2026_CPA_538537_1,30-Sep-2026 11:00 AM,09-Oct-2026 05:30 PM,12-Oct-2026 11:00 AM,Closing within 14 days,2026-10-08T19:59:13.489759+00:00
2026_CPA_538541_1,Capital Project Administration,Capital Project Administration||SE Capital project (C) Circle||EE-Construction Division No. I-CPA-Bhopal,"[Repairing of chain link fencing frame boundary wall and gate of dussehra maidan Bittan Market, Bhopal]",2026_CPA_538541_1,30-Sep-2026 11:00 AM,09-Oct-2026 05:30 PM,12-Oct-2026 11:00 AM,Closing within 14 days,2026-10-08T19:59:13.511867+00:00
2026_CPA_538543_1,Capital Project Administration,Capital Project Administration||SE Capital project (C) Circle||EE-Construction Division No. I-CPA-Bhopal,"[Covering of road side drain with precast R.C.C. around Nirman Bhawan at Arera Hills, Bhopal]",2026_CPA_538543_1,30-Sep-2026 06:00 PM,09-Oct-2026 05:30 PM,12-Oct-2026 11:00 AM,Closing within 14 days,2026-10-08T19:59:13.534042+00:00
2026_CPA_538545_1,Capital Project Administration,Capital Project Administration||SE Capital project (C) Circle||EE-Construction Division No. I-CPA-Bhopal,"[Providing and erection of tensil fabric structure system for covering of Malkham open space electrification at Dr. Shyama Prasad Mukherji stadium Kolar, Bhopal]",2026_CPA_538545_1,30-Sep-2026 06:00 PM,09-Oct-2026 05:30 PM,12-Oct-2026 11:00 AM,Closing within 14 days,2026-10-08T19:59:13.556124+00:00
2026_UAD_539678_1,Directorate Urban Administration and Development,Directorate Urban Administration and Development||Join Director-Indore Division - UAD||Khargone-Nagar Palika Khargone - UAD,[To build 51 feet high effigy of Ravana and install it with scaffolding at the designated place on Vijayadashami festival.],2026_UAD_539678_1,01-Oct-2026 11:00 AM,09-Oct-2026 05:30 PM,12-Oct-2026 10:30 AM,Closing within 14 days,2026-10-08T19:59:13.583028+00:00
2026_UAD_539685_1,Directorate Urban Administration and Development,Directorate Urban Administration and Development||Join Director-Indore Division - UAD||Khargone-Nagar Palika Khargone - UAD,"[On the occasion of Vijayadashami festival, to organize a colorful and attractive display of high quality fireworks and electric fire work at the Mela ground.]",2026_UAD_539685_1,01-Oct-2026 11:00 AM,09-Oct-2026 05:30 PM,12-Oct-2026 10:30 AM,Closing within 14 days,2026-10-08T19:59:13.605073+00:00
2026_UAD_539829_1,Directorate Urban Administration and Development,Directorate Urban Administration and Development||Muncipal Corporations - UAD||Muncipal Corporation-Jabalpur - UAD||Water Supply (PHE) Deptt. - MC Jabalpur - UAD,"[Various works ,covering different wards, in view of the rainy season and the upcoming festivals.works under Division No. 02, Kachhpura.2nd call]",2026_UAD_539829_1,01-Oct-2026 09:00 AM,09-Oct-2026 05:30 PM,10-Oct-2026 05:30 PM,Closing within 14 days,2026-10-08T19:59:13.627476+00:00
2026_UAD_540311_1,Directorate Urban Administration and Development,Directorate Urban Administration and Development||Join Director-Sagar Division - UAD||Damoh-Nagar Palika Damoh - UAD,[Repairing and Purchasing maintenance Material of Tipper vehicles (tata Ace) operating under Municipal Council Damoh 2nd call],2026_UAD_540311_1,02-Oct-2026 10:30 AM,09-Oct-2026 05:30 PM,12-Oct-2026 10:30 AM,Closing within 14 days,2026-10-08T19:59:18.728235+00:00
2026_UAD_540319_1,Directorate Urban Administration and Development,Directorate Urban Administration and Development||Join Director-Sagar Division - UAD||Damoh-Nagar Palika Damoh - UAD,"[Repairing and Purchasing maintenance Material of heavy vehicles (tractor, truck, compactor, jcb, etc.) including labour charges operating under Municipal Council Damoh 2nd call]",2026_UAD_540319_1,02-Oct-2026 10:30 AM,09-Oct-2026 05:30 PM,12-Oct-2026 10:30 AM,Closing within 14 days,2026-10-08T19:59:18.750462+00:00
2026_UAD_529151_2,Directorate Urban Administration and Development,Directorate Urban Administration and Development||Join Director-Ujjain Division - UAD||Ujjain-Nagar Palika Nagda - UAD,[Online Rate Invitation for Attachment of Rental Vehicles for Nagar Palika Nagda],2026_UAD_529151_2,03-Oct-2026 10:30 AM,09-Oct-2026 05:30 PM,12-Oct-2026 10:30 AM,Closing within 14 days,2026-10-08T19:59:18.772683+00:00
2026_UAD_537109_1,Directorate Urban Administration and Development,Directorate Urban Administration and Development||Muncipal Corporations - UAD||Muncipal Corporation-Jabalpur - UAD||Light Deptt. - MC Jabalpur - UAD,[Construction of drain wall and M-30 CC road near the police post in Badhaiya Mohalla in Govind Vallabh Pant Ward under Division No. 06. (Nigam Mad)],2026_UAD_537109_1,03-Oct-2026 09:00 AM,09-Oct-2026 05:30 PM,12-Oct-2026 09:00 AM,Closing within 14 days,2026-10-08T19:59:18.794942+00:00
2026_UAD_537109_2,Directorate Urban Administration and Development,Directorate Urban Administration and Development||Muncipal Corporations - UAD||Muncipal Corporation-Jabalpur - UAD||Light Deptt. - MC Jabalpur - UAD,[Construction of M-30 CC road from the main road to Premshankar Tiwari residence in Trimurti Nagar Gali No. 04 under Dr. Ram Manohar Lohia Ward under Division No. 06.],2026_UAD_537109_2,03-Oct-2026 09:00 AM,09-Oct-2026 05:30 PM,12-Oct-2026 09:00 AM,Closing within 14 days,2026-10-08T19:59:18.817204+00:00
2026_UAD_537109_3,Directorate Urban Administration and Development,Directorate Urban Administration and Development||Muncipal Corporations - UAD||Muncipal Corporation-Jabalpur - UAD||Light Deptt. - MC Jabalpur - UAD,[Cementation work of road from fish market Radhey Paan Center to Sujipura Mosque in Pandit Govind Vallabh Pant Ward under division number-06.(Parshad Anushansha )],2026_UAD_537109_3,03-Oct-2026 09:00 AM,09-Oct-2026 05:30 PM,12-Oct-2026 09:00 AM,Closing within 14 days,2026-10-08T19:59:18.839271+00:00
2026_UAD_537109_4,Directorate Urban Administration and Development,Directorate Urban Administration and Development||Muncipal Corporations - UAD||Muncipal Corporation-Jabalpur - UAD||Light Deptt. - MC Jabalpur - UAD,[Cementation of damaged road from Raja Rajak Niwas to Vinay Janokar Niwas in Dhubiyana Mohalla Gohalpur Road in Pt. Gavind Vallabh Pant Ward under Division No. 06 (Parshad-Mad)],2026_UAD_537109_4,03-Oct-2026 09:00 AM,09-Oct-2026 05:30 PM,12-Oct-2026 09:00 AM,Closing within 14 days,2026-10-08T19:59:18.861464+00:00
2026_UAD_537109_5,Directorate Urban Administration and Development,Directorate Urban Administration and Development||Muncipal Corporations - UAD||Muncipal Corporation-Jabalpur - UAD||Light Deptt. - MC Jabalpur - UAD,"[Construction of a drain beyond the Ghoda Nakkash cross-culvert in Pt. Govind Vallabh Pant Ward, under Division No. 06.]",2026_UAD_537109_5,03-Oct-2026 09:00 AM,09-Oct-2026 05:30 PM,12-Oct-2026 09:00 AM,Closing within 14 days,2026-10-08T19:59:18.883588+00:00
2026_UAD_537109_6,Directorate Urban Administration and Development,Directorate Urban Administration and Development||Muncipal Corporations - UAD||Muncipal Corporation-Jabalpur - UAD||Light Deptt. - MC Jabalpur - UAD,[M-30 CC road construction work at various places in Green City in Deendayal Upa. Ward under division number-06. (Parshad -Anushansa)],2026_UAD_537109_6,03-Oct-2026 09:00 AM,09-Oct-2026 05:30 PM,12-Oct-2026 09:00 AM,Closing within 14 days,2026-10-08T19:59:18.905694+00:00
2026_UAD_533567_1,Directorate Urban Administration and Development,Directorate Urban Administration and Development||Muncipal Corporations - UAD||Muncipal Corporation-Jabalpur - UAD||Water Supply (PHE) Deptt. - MC Jabalpur - UAD,"[Construction of Road Extending from the lane next to Babli Radhakrishna Temple to Sohan Lal siddhe house in veerendrapuri ward under Division No. 02, Kachhpura.]",2026_UAD_533567_1,03-Oct-2026 04:15 PM,09-Oct-2026 05:30 PM,10-Oct-2026 05:30 PM,Closing within 14 days,2026-10-08T19:59:18.927776+00:00
2026_UAD_533622_1,Directorate Urban Administration and Development,Directorate Urban Administration and Development||Muncipal Corporations - UAD||Muncipal Corporation-Jabalpur - UAD||Water Supply (PHE) Deptt. - MC Jabalpur - UAD,[Damalikaran work up to Sai Dham Temple in Nanak Nagar in Lala Lajpat Rai Ward.],2026_UAD_533622_1,03-Oct-2026 05:00 PM,09-Oct-2026 05:30 PM,12-Oct-2026 09:00 AM,Closing within 14 days,2026-10-08T19:59:23.843694+00:00
2026_UAD_533622_2,Directorate Urban Administration and Development,Directorate Urban Administration and Development||Muncipal Corporations - UAD||Muncipal Corporation-Jabalpur - UAD||Water Supply (PHE) Deptt. - MC Jabalpur - UAD,[Shaheed Bhagat Sinh Vaard Mein Bada Patthar Chairahe Se Sonakar Mohalla Purana Parshad office Se Chandrabhan Ke Makaan Tak Damaleekaran Ka Kaary],2026_UAD_533622_2,03-Oct-2026 05:00 PM,09-Oct-2026 05:30 PM,12-Oct-2026 09:00 AM,Closing within 14 days,2026-10-08T19:59:23.866130+00:00
2026_UAD_533622_3,Directorate Urban Administration and Development,Directorate Urban Administration and Development||Muncipal Corporations - UAD||Muncipal Corporation-Jabalpur - UAD||Water Supply (PHE) Deptt. - MC Jabalpur - UAD,[Asphalting of Roads at Various Locations and Other Works in Shaheed Bhagat Singh Ward No. 63 under Jabalpur Municipal Corporation (Third Call).],2026_UAD_533622_3,03-Oct-2026 05:05 PM,09-Oct-2026 05:30 PM,12-Oct-2026 09:00 AM,Closing within 14 days,2026-10-08T19:59:23.888286+00:00
2026_UAD_538609_1,Directorate Urban Administration and Development,Directorate Urban Administration and Development||Join Director-Gwalior Division - UAD||Datia-Nagar Palika Datia - UAD,[Repair work for computer printers UPS and other equipment],2026_UAD_538609_1,25-Sep-2026 09:00 AM,09-Oct-2026 05:30 PM,12-Oct-2026 09:00 AM,Closing within 14 days,2026-10-08T19:59:23.910464+00:00
2026_UAD_538634_1,Directorate Urban Administration and Development,Directorate Urban Administration and Development||Join Director-Ujjain Division - UAD||Dewas-Nagar Parishad Sonkatch - UAD,[1987 Date 23.09.2026],2026_UAD_538634_1,25-Sep-2026 10:00 AM,09-Oct-2026 05:30 PM,12-Oct-2026 10:30 AM,Closing within 14 days,2026-10-08T19:59:23.932439+00:00
2026_UAD_538650_1,Directorate Urban Administration and Development,Directorate Urban Administration and Development||Join Director- Shehdol Division - UAD||Shahdol-Nagar Palika Shahdol - UAD,[Construction of cc drain near house of munna to house of om mungauri ward no 28 shahdol as per nit and estimate],2026_UAD_538650_1,25-Sep-2026 10:30 AM,09-Oct-2026 05:30 PM,12-Oct-2026 10:30 AM,Closing within 14 days,2026-10-08T19:59:23.954615+00:00
2026_PWDRB_538649_1,PWD- Roads and Bridges,PWD- Roads and Bridges||Bhopal CE Capital Zone - PWD||Vidisha EE Zone Capital PWD,[MOW Maintenance and Additional work for Room and Boundary Wall length 230 mtr. of E-type Quarter No. 1 Civil Line Vidisha. (Collector Bunglow)],2026_PWDRB_538649_1,24-Sep-2026 06:55 PM,09-Oct-2026 05:30 PM,12-Oct-2026 10:30 AM,Closing within 14 days,2026-10-08T19:59:23.976575+00:00
2026_UAD_538656_1,Directorate Urban Administration and Development,Directorate Urban Administration and Development||Join Director- Shehdol Division - UAD||Shahdol-Nagar Palika Shahdol - UAD,[Construction of cc drain near house of raju prajapati ward no 24 shahdol as per nit and estimate],2026_UAD_538656_1,25-Sep-2026 10:30 AM,09-Oct-2026 05:30 PM,12-Oct-2026 10:30 AM,Closing within 14 days,2026-10-08T19:59:23.998990+00:00
2026_UAD_538651_1,Directorate Urban Administration and Development,Directorate Urban Administration and Development||Join Director-Gwalior Division - UAD||Datia-Nagar Palika Datia - UAD,[Procurement of Laser Printers and Ink Tank Printers],2026_UAD_538651_1,25-Sep-2026 09:00 AM,09-Oct-2026 05:30 PM,12-Oct-2026 09:00 AM,Closing within 14 days,2026-10-08T19:59:24.020962+00:00
2026_UAD_538428_1,Directorate Urban Administration and Development,Directorate Urban Administration and Development||Join Director-Indore Division - UAD||Khargone-Nagar Palika Khargone - UAD,[Construction of Drain at ward 2 Gulab Nagar in Akbar Daroga house to Majid auto wala house. ],2026_UAD_538428_1,25-Sep-2026 04:00 PM,09-Oct-2026 05:30 PM,12-Oct-2026 10:30 AM,Closing within 14 days,2026-10-08T19:59:24.042854+00:00
2026_UAD_538429_1,Directorate Urban Administration and Development,Directorate Urban Administration and Development||Join Director-Indore Division - UAD||Khargone-Nagar Palika Khargone - UAD,[Construction of Drain at ward 7 Jetapur in Mandloi Masterji houses to Mahesh Gurjer house and other gali. ],2026_UAD_538429_1,25-Sep-2026 04:00 PM,09-Oct-2026 05:30 PM,12-Oct-2026 10:30 AM,Closing within 14 days,2026-10-08T19:59:29.011207+00:00
2026_UAD_538430_1,Directorate Urban Administration and Development,Directorate Urban Administration and Development||Join Director-Indore Division - UAD||Khargone-Nagar Palika Khargone - UAD,[Construction of Drain at ward 8 Bajrang Nagar Yaduvansh Vila to Parivratan News house.],2026_UAD_538430_1,25-Sep-2026 04:00 PM,09-Oct-2026 05:30 PM,12-Oct-2026 10:30 AM,Closing within 14 days,2026-10-08T19:59:29.033481+00:00
2026_UAD_538666_1,Directorate Urban Administration and Development,Directorate Urban Administration and Development||Muncipal Corporations - UAD||Muncipal Corporation - Ujjain - UAD||Engineering (PWD) Deptt. - MC Ujjain - UAD,"[CONSTRUCTION OF C C ROAD, RCC DRAIN HAMUKHEDI FROM SAMANDAR MISTRI HOUSE UP TO MUNNALAL YADAV HOUSE IN WARD NO. 54]",2026_UAD_538666_1,25-Sep-2026 10:30 AM,09-Oct-2026 05:30 PM,12-Oct-2026 11:00 AM,Closing within 14 days,2026-10-08T19:59:29.055878+00:00
2026_UAD_538669_1,Directorate Urban Administration and Development,Directorate Urban Administration and Development||Muncipal Corporations - UAD||Muncipal Corporation - Ujjain - UAD||Engineering (PWD) Deptt. - MC Ujjain - UAD,"[CONSTRUCTION OF C C ROAD, RCC DRAIN HAMUKHEDI FROM RAVI GUJRATI HOUSE UP TO SANJAY BAIRAGI HOUSE IN WARD NO. 54]",2026_UAD_538669_1,25-Sep-2026 10:30 AM,09-Oct-2026 05:30 PM,12-Oct-2026 11:00 AM,Closing within 14 days,2026-10-08T19:59:29.078029+00:00
2026_PWDRB_538420_1,PWD- Roads and Bridges,PWD- Roads and Bridges||Indore CE West Zone - PWD,[Strengthening of Bhagour Hatyadeli Road Km. 1 To 8 Road Length 8.00Km.],2026_PWDRB_538420_1,25-Sep-2026 10:30 AM,09-Oct-2026 05:30 PM,12-Oct-2026 11:30 AM,Closing within 14 days,2026-10-08T19:59:29.100252+00:00
2026_UAD_538431_1,Directorate Urban Administration and Development,Directorate Urban Administration and Development||Join Director-Indore Division - UAD||Khargone-Nagar Palika Khargone - UAD,[Construction of Drain at ward 8 Patel Nagar in Aroraji house to Shindeji house. ],2026_UAD_538431_1,25-Sep-2026 04:00 PM,09-Oct-2026 05:30 PM,12-Oct-2026 10:30 AM,Closing within 14 days,2026-10-08T19:59:29.122986+00:00
2026_UAD_538432_1,Directorate Urban Administration and Development,Directorate Urban Administration and Development||Join Director-Indore Division - UAD||Khargone-Nagar Palika Khargone - UAD,[Providing and Fixing of Paver Block at ward 9 Tegor Park Road side.],2026_UAD_538432_1,25-Sep-2026 04:00 PM,09-Oct-2026 05:30 PM,12-Oct-2026 10:30 AM,Closing within 14 days,2026-10-08T19:59:29.145073+00:00
2026_UAD_538433_1,Directorate Urban Administration and Development,Directorate Urban Administration and Development||Join Director-Indore Division - UAD||Khargone-Nagar Palika Khargone - UAD,[Construction of CC Road at ward 11 Khaskhaswadi Ayub Kirana to Jakir bhai house.],2026_UAD_538433_1,25-Sep-2026 04:00 PM,09-Oct-2026 05:30 PM,12-Oct-2026 10:30 AM,Closing within 14 days,2026-10-08T19:59:29.167342+00:00
2026_PWDRB_538419_1,PWD- Roads and Bridges,PWD- Roads and Bridges||Indore CE West Zone - PWD,[Construction of Gram Deshwalya to Khandwa Road Length 04.20km. i/c Electric Pole Shifting Work.],2026_PWDRB_538419_1,25-Sep-2026 10:30 AM,09-Oct-2026 05:30 PM,12-Oct-2026 11:30 AM,Closing within 14 days,2026-10-08T19:59:29.189568+00:00
2026_PWDRB_538418_1,PWD- Roads and Bridges,PWD- Roads and Bridges||Indore CE West Zone - PWD,[Strengthening of Rinjlai Pipliya Tafa Borsi Boriya Rolai Road Length 13.56Km. i/c Electric Pole Shifting Work.],2026_PWDRB_538418_1,25-Sep-2026 10:30 AM,09-Oct-2026 05:30 PM,12-Oct-2026 11:30 AM,Closing within 14 days,2026-10-08T19:59:29.211625+00:00
2026_PWDRB_538417_1,PWD- Roads and Bridges,PWD- Roads and Bridges||Indore CE West Zone - PWD,"[Strengthening of Ada Pahad to Basi Pipri, Ada Pahad to Choral Dam Road Length 05.39Km. i/c Electric Pole Shifting Work.]",2026_PWDRB_538417_1,25-Sep-2026 10:30 AM,09-Oct-2026 05:30 PM,12-Oct-2026 11:30 AM,Closing within 14 days,2026-10-08T19:59:34.113462+00:00
2026_PWDRB_538416_1,PWD- Roads and Bridges,PWD- Roads and Bridges||Indore CE West Zone - PWD,[Construction of center divider work with center lighting work from Niranjanpur square to Mangliya Road opposite of TATA showroom AB Road Lasudiya Indore (OLD AB ROAD) Road Length 07.00km. (Sixth Called)],2026_PWDRB_538416_1,25-Sep-2026 10:30 AM,09-Oct-2026 05:30 PM,12-Oct-2026 11:30 AM,Closing within 14 days,2026-10-08T19:59:34.135699+00:00
2026_UAD_538701_1,Directorate Urban Administration and Development,Directorate Urban Administration and Development||Join Director-Indore Division - UAD||Dhar -Nagar Palika Manawar - UAD,[ATISHBAJI WORK FOR DASHERA PARV 2026 AT A TIME OF RAWAN DEHAN ],2026_UAD_538701_1,25-Sep-2026 12:30 PM,09-Oct-2026 05:30 PM,10-Oct-2026 05:30 PM,Closing within 14 days,2026-10-08T19:59:34.157989+00:00
2026_UAD_538701_2,Directorate Urban Administration and Development,Directorate Urban Administration and Development||Join Director-Indore Division - UAD||Dhar -Nagar Palika Manawar - UAD,[ LIGHTING WORK FOR DUSSEHRA PARV 2026],2026_UAD_538701_2,25-Sep-2026 12:30 PM,09-Oct-2026 05:30 PM,10-Oct-2026 05:30 PM,Closing within 14 days,2026-10-08T19:59:34.180002+00:00
2026_UAD_538707_1,Directorate Urban Administration and Development,Directorate Urban Administration and Development||Join Director-Indore Division - UAD||Khargone-Nagar Parishad Maheshwar - UAD,[Providing of Rawan Putla with complete Fire Crackers and burst firecrackers Services for VIJAYDASHMI PARV 2026 ],2026_UAD_538707_1,25-Sep-2026 12:30 PM,09-Oct-2026 05:30 PM,10-Oct-2026 05:30 PM,Closing within 14 days,2026-10-08T19:59:34.202078+00:00
2026_UAD_538707_2,Directorate Urban Administration and Development,Directorate Urban Administration and Development||Join Director-Indore Division - UAD||Khargone-Nagar Parishad Maheshwar - UAD,[Providing of Electrification Services for NAV DURGA PARV 2026 on Rental Basis items],2026_UAD_538707_2,25-Sep-2026 12:30 PM,09-Oct-2026 05:30 PM,10-Oct-2026 05:30 PM,Closing within 14 days,2026-10-08T19:59:34.224161+00:00
2026_UAD_538707_3,Directorate Urban Administration and Development,Directorate Urban Administration and Development||Join Director-Indore Division - UAD||Khargone-Nagar Parishad Maheshwar - UAD,[Providing of Tent Relvant Items for NAV DURGA PARV 2026 on Rental Basis items ],2026_UAD_538707_3,25-Sep-2026 12:30 PM,09-Oct-2026 05:30 PM,10-Oct-2026 05:30 PM,Closing within 14 days,2026-10-08T19:59:34.246131+00:00
2026_UAD_538434_1,Directorate Urban Administration and Development,Directorate Urban Administration and Development||Join Director-Indore Division - UAD||Khargone-Nagar Palika Khargone - UAD,[Construction of Drain at ward 15 Sabir Kirana to Mukhtiyar Bavji house and Ayaz Parshad house. ],2026_UAD_538434_1,25-Sep-2026 04:00 PM,09-Oct-2026 05:30 PM,12-Oct-2026 10:30 AM,Closing within 14 days,2026-10-08T19:59:34.268078+00:00
2026_RES_538706_1,Rural Engineering Service,Rural Engineering Service||Chief Engineer-Zone Jabalpur - RES||SE-Circle Sagar - RES||EE-Division Chhatarpur - RES,[Construction Of C.C. Road ],2026_RES_538706_1,25-Sep-2026 05:00 PM,09-Oct-2026 05:30 PM,12-Oct-2026 11:30 AM,Closing within 14 days,2026-10-08T19:59:34.289908+00:00
2026_UAD_538435_1,Directorate Urban Administration and Development,Directorate Urban Administration and Development||Join Director-Indore Division - UAD||Khargone-Nagar Palika Khargone - UAD,[Construction of CC Road at ward 27 New Kazipura Furkan Soni house to Jabir Manihar house.],2026_UAD_538435_1,25-Sep-2026 04:00 PM,09-Oct-2026 05:30 PM,12-Oct-2026 10:30 AM,Closing within 14 days,2026-10-08T19:59:34.311913+00:00
2026_DHS_537245_1,Directorate of Health Services,Directorate of Health Services||National Health Mission- MP,[CONSTRUCTION OF PRIMARY HEALTH CENTER INCLUDING 1 G AND 1 H TYPE QUARTER BOUNDARY WALLTUBE WELL AND APPROACH ROAD AT VILLAGE MUSHRAN PIPARIYA BLOCK GOTEGAON DIST NARSINGHPUR],2026_DHS_537245_1,25-Sep-2026 03:00 PM,09-Oct-2026 05:30 PM,12-Oct-2026 10:30 AM,Closing within 14 days,2026-10-08T19:59:39.202876+00:00
2026_UAD_538436_1,Directorate Urban Administration and Development,Directorate Urban Administration and Development||Join Director-Indore Division - UAD||Khargone-Nagar Palika Khargone - UAD,[Construction of CC Road at ward 28 Sita Vihar Colony Raju Mahajan house to Vinod Mahajan house.],2026_UAD_538436_1,25-Sep-2026 04:00 PM,09-Oct-2026 05:30 PM,12-Oct-2026 10:30 AM,Closing within 14 days,2026-10-08T19:59:39.225456+00:00
2026_UAD_538437_1,Directorate Urban Administration and Development,Directorate Urban Administration and Development||Join Director-Indore Division - UAD||Khargone-Nagar Palika Khargone - UAD,[Construction of BT Road at ward 29 Ganeshpuri Colony Jaypal Rathod house to Shila Bhosle house.],2026_UAD_538437_1,25-Sep-2026 04:00 PM,09-Oct-2026 05:30 PM,12-Oct-2026 10:30 AM,Closing within 14 days,2026-10-08T19:59:39.247732+00:00
2026_UAD_538438_1,Directorate Urban Administration and Development,Directorate Urban Administration and Development||Join Director-Indore Division - UAD||Khargone-Nagar Palika Khargone - UAD,[Construction of Drain at ward 30 Gokuldham Colony Satish Mandloi house to Goutam Mandloi house. ],2026_UAD_538438_1,25-Sep-2026 04:00 PM,09-Oct-2026 05:30 PM,12-Oct-2026 10:30 AM,Closing within 14 days,2026-10-08T19:59:39.270010+00:00
2026_UAD_538439_1,Directorate Urban Administration and Development,Directorate Urban Administration and Development||Join Director-Indore Division - UAD||Khargone-Nagar Palika Khargone - UAD,[Construction of BT Road at ward 31 Shrikrishna Nagar Colony in Lokendra house to Nikasi Nali and Shastri Nagar in Chotu house to Rahul house.],2026_UAD_538439_1,25-Sep-2026 04:00 PM,09-Oct-2026 05:30 PM,12-Oct-2026 10:30 AM,Closing within 14 days,2026-10-08T19:59:39.292295+00:00
2026_DHS_537246_1,Directorate of Health Services,Directorate of Health Services||National Health Mission- MP,"[CONSTRUCTION OF PRIMARY HEALTH CENTER (PHC) INCLUDING 1 G AND 1 H TYPE QUARTER BOUNDARY WALL, TUBE WELL AND APPROACH ROAD AT RATAMATI DISTRICT CHHINDWARA]",2026_DHS_537246_1,25-Sep-2026 03:00 PM,09-Oct-2026 05:30 PM,12-Oct-2026 10:30 AM,Closing within 14 days,2026-10-08T19:59:39.314794+00:00
2026_DHS_537247_1,Directorate of Health Services,Directorate of Health Services||National Health Mission- MP,"[CONSTRUCTION WORK OF PRIMARY HEALTH CENTER (PHC) INCLUDING 1 G AND 1 H TYPE QUARTER) BOUNDARY WALL, TUBE WELL AND APPROACH ROAD AT VILLAGE BABALIYA BLOCK NARAYANGANJ DIST MANDLA (M.P.)]",2026_DHS_537247_1,25-Sep-2026 03:00 PM,09-Oct-2026 05:30 PM,12-Oct-2026 10:30 AM,Closing within 14 days,2026-10-08T19:59:39.337130+00:00
2026_DHS_537248_1,Directorate of Health Services,Directorate of Health Services||National Health Mission- MP,"[CONSTRUCTION WORK OF PRIMARY HEALTH CENTER INCLUDING 1 G AND 1 H TYPE QUARTER), BOUNDARY WALL, TUBE WELL AND APPROACH ROAD AT VILLAGE RAIPURA, BLOCK SHAHPURA DIST. DINDORI M.P. ]",2026_DHS_537248_1,25-Sep-2026 03:00 PM,09-Oct-2026 05:30 PM,12-Oct-2026 10:30 AM,Closing within 14 days,2026-10-08T19:59:39.359486+00:00
2026_PHED_538749_1,Public Health Engineering- O/o Engineer In Chief,Public Health Engineering- O/o Engineer In Chief||Chief Engineer Indore - PHED||Superintending Engineer Ujjain - PHED||Executive Engineer-Ujjain - PHED,[Repairing of Handpump Set Labour Charges With Handpump Technician in Different Villages of Block BADNAGAR District Ujjain (01 Years)],2026_PHED_538749_1,25-Sep-2026 06:55 PM,09-Oct-2026 05:30 PM,12-Oct-2026 10:35 AM,Closing within 14 days,2026-10-08T19:59:39.381756+00:00
2026_PKVVC_538772_1,Madhya Pradesh Poorv Kshetra Vidyut Vitaran Company Limited,Madhya Pradesh Poorv Kshetra Vidyut Vitaran Company Limited||Chief Engineer(Rewa Region) - MPPKVVCL||SE(O and M) Sidhi - MPPKVVCL,"[Contract for system strengthening works for survey, installation, testing and commissioning of new 5 MVA 33/11 KV Substation Chamradol (Parsili) DC-Majhauli under different schemes in awarded area Sidhi Circle]",2026_PKVVC_538772_1,25-Sep-2026 06:15 PM,09-Oct-2026 05:30 PM,12-Oct-2026 03:00 PM,Closing within 14 days,2026-10-08T19:59:39.403982+00:00
2026_UAD_538800_1,Directorate Urban Administration and Development,Directorate Urban Administration and Development||Join Director-Gwalior Division - UAD||Datia-Nagar Palika Datia - UAD,[Procurement of essential safety equipment and tools for electrical linemen],2026_UAD_538800_1,26-Sep-2026 09:00 AM,09-Oct-2026 05:30 PM,12-Oct-2026 10:00 AM,Closing within 14 days,2026-10-08T19:59:44.522763+00:00
2026_UAD_538809_1,Directorate Urban Administration and Development,Directorate Urban Administration and Development||Join Director-Gwalior Division - UAD||Datia-Nagar Palika Datia - UAD,[Conservation and water harvesting works under the Jal Ganga Samvardhan Abhiyan at old Collectorate complex.],2026_UAD_538809_1,26-Sep-2026 10:00 AM,09-Oct-2026 05:30 PM,12-Oct-2026 09:00 AM,Closing within 14 days,2026-10-08T19:59:44.544813+00:00
2026_UAD_538816_1,Directorate Urban Administration and Development,Directorate Urban Administration and Development||Join Director-Gwalior Division - UAD||Datia-Nagar Palika Datia - UAD,[Compressior repair work located at Mama ka Dera filter plant],2026_UAD_538816_1,26-Sep-2026 09:00 AM,09-Oct-2026 05:30 PM,12-Oct-2026 10:00 AM,Closing within 14 days,2026-10-08T19:59:44.567006+00:00
2026_DHS_537622_1,Directorate of Health Services,Directorate of Health Services||EE NHM Indore Division,"[CONSTRUCTION WORK OF PRIMARY HEALTH CENTER INCLUDING 1 G AND 1 H TYPE QUARTER BOUNDARY WALL, TUBE WELL AND APPROACH ROAD AT VILLAGE KHAR BLOCK KHALWA DIST KHANDWA]",2026_DHS_537622_1,26-Sep-2026 11:00 AM,09-Oct-2026 05:30 PM,12-Oct-2026 10:30 AM,Closing within 14 days,2026-10-08T19:59:44.589068+00:00
2026_DHS_537623_1,Directorate of Health Services,Directorate of Health Services||EE NHM Indore Division,[CONSTRUCTION WORK OF CIVIL SUREGON DRUG STORE BUILDING AT DISTRICT HOSPITAL DIST. BARWANI (M.P.)],2026_DHS_537623_1,26-Sep-2026 11:00 AM,09-Oct-2026 05:30 PM,12-Oct-2026 10:30 AM,Closing within 14 days,2026-10-08T19:59:44.611019+00:00
2026_UAD_538316_1,Directorate Urban Administration and Development,Directorate Urban Administration and Development||Muncipal Corporations - UAD||Muncipal Corporation-Jabalpur - UAD||Water Supply (PHE) Deptt. - MC Jabalpur - UAD,[Providing and Laying paver block and Kerb stone in Vivekanand ground and 50 Quarter under Shahid Gulaab Singh ward Zone-03. ],2026_UAD_538316_1,28-Sep-2026 09:00 AM,09-Oct-2026 05:30 PM,10-Oct-2026 05:30 PM,Closing within 14 days,2026-10-08T19:59:44.632998+00:00
2026_UAD_538316_2,Directorate Urban Administration and Development,Directorate Urban Administration and Development||Muncipal Corporations - UAD||Muncipal Corporation-Jabalpur - UAD||Water Supply (PHE) Deptt. - MC Jabalpur - UAD,[Construction of Drain and Culvert in Shakti nagar and Sainik society and Pawaan Bhumi under Shahid Gulaab Singh ward Zone-03. ],2026_UAD_538316_2,28-Sep-2026 09:00 AM,09-Oct-2026 05:30 PM,10-Oct-2026 05:30 PM,Closing within 14 days,2026-10-08T19:59:44.655052+00:00
2026_UAD_538316_3,Directorate Urban Administration and Development,Directorate Urban Administration and Development||Muncipal Corporations - UAD||Muncipal Corporation-Jabalpur - UAD||Water Supply (PHE) Deptt. - MC Jabalpur - UAD,[Bituminous work of panchsheel nagar and Avadhpuri colony at Dada Babu Rao Paranjpey ward under Zone 03. 6th Call],2026_UAD_538316_3,28-Sep-2026 09:00 AM,09-Oct-2026 05:30 PM,10-Oct-2026 05:30 PM,Closing within 14 days,2026-10-08T19:59:44.677166+00:00
2026_PHED_538771_1,Public Health Engineering- O/o Engineer In Chief,Public Health Engineering- O/o Engineer In Chief||Chief Engineer E and M - PHED||Executive Engineer-E and M Jabalpur - PHED,[Providing Labour for Various Work For BEC-CR-04 Rig Machine Work in Mech. Sub Division Dindori (2nd Call)],2026_PHED_538771_1,26-Sep-2026 10:00 AM,09-Oct-2026 06:00 PM,12-Oct-2026 03:00 PM,Closing within 14 days,2026-10-08T19:59:44.699743+00:00
2026_UAD_524830_2,Directorate Urban Administration and Development,Directorate Urban Administration and Development||Muncipal Corporations - UAD||Muncipal Corporation-Bhopal - UAD||Civil - MC Bhopal- UAD,"[CONST. OF COMMUNITY HALL AT BANSKHEDI VILLAGE W-83, Z-18. SECOND CALL]",2026_UAD_524830_2,24-Sep-2026 06:00 PM,09-Oct-2026 06:00 PM,12-Oct-2026 11:00 AM,Closing within 14 days,2026-10-08T19:59:44.721966+00:00
2026_UAD_524831_2,Directorate Urban Administration and Development,Directorate Urban Administration and Development||Muncipal Corporations - UAD||Muncipal Corporation-Bhopal - UAD||Civil - MC Bhopal- UAD,"[PROVIDING AND FIXING OF SHED AT COMMUNITY HALL IN DAMKHEDA A SECTOR JHUGGI BASTI, W-80, Z-18. SECOND CALL]",2026_UAD_524831_2,24-Sep-2026 06:00 PM,09-Oct-2026 06:00 PM,12-Oct-2026 11:00 AM,Closing within 14 days,2026-10-08T19:59:49.792211+00:00
2026_MPFD_538512_1,MP Forest Department,MP Forest Department||MP Forest - Betul Circle||Division West Betul,[Stationary],2026_MPFD_538512_1,24-Sep-2026 02:00 PM,09-Oct-2026 06:00 PM,12-Oct-2026 12:00 PM,Closing within 14 days,2026-10-08T19:59:49.814145+00:00
2026_MPFD_538508_1,MP Forest Department,MP Forest Department||MP Forest - Betul Circle||Division West Betul,[Gober Khad and Mitti],2026_MPFD_538508_1,24-Sep-2026 02:00 PM,09-Oct-2026 06:00 PM,12-Oct-2026 01:00 PM,Closing within 14 days,2026-10-08T19:59:49.836232+00:00
2026_DTCP_535401_1,Directorate of Town And Country Planning,Directorate of Town And Country Planning||Indore Development Authority - Indore,[DEVELOPMENT WORK OF MPSEDC LAND AT SUPER CORRIDOR INDORE],2026_DTCP_535401_1,10-Sep-2026 06:55 PM,09-Oct-2026 06:00 PM,12-Oct-2026 11:30 AM,Closing within 14 days,2026-10-08T19:59:49.858364+00:00
2026_UAD_535033_1,Directorate Urban Administration and Development,Directorate Urban Administration and Development||Muncipal Corporations - UAD||Muncipal Corporation-Bhopal - UAD||Civil - MC Bhopal- UAD,"[DEVELOPMENT OF GREEN SPACE (PARK) PARK (1) BOUNDARY WALL, CULTURAL STAGE, P/F OF PAVING BLOCK NEAR WATER OH TANK, OPEN GYM AND PLASTER AT PARK (2) OF GEET BUNGLOW PHASE 5 WARD 65 ZONE 16]",2026_UAD_535033_1,10-Sep-2026 06:00 PM,09-Oct-2026 06:00 PM,12-Oct-2026 11:00 AM,Closing within 14 days,2026-10-08T19:59:49.880331+00:00
2026_PWDRB_539080_1,PWD- Roads and Bridges,PWD- Roads and Bridges||Indore CE West Zone - PWD||Dhar EE Zone Indore PWD,[STRENGTHENING OF AJANDA TO BARDA ROAD LENGTH 4.50 K.M.],2026_PWDRB_539080_1,29-Sep-2026 06:00 PM,09-Oct-2026 06:00 PM,12-Oct-2026 10:00 AM,Closing within 14 days,2026-10-08T19:59:49.902324+00:00
2026_UAD_535012_1,Directorate Urban Administration and Development,Directorate Urban Administration and Development||Muncipal Corporations - UAD||Muncipal Corporation-Indore - UAD||Jankarya Vibhaag - I - MC Indore - UAD,"[SUPPLY, INSTALLATION, TESTING, COMMISSIONING AND 5 YEARS MAINTENANCE OF LIFTS INCLUDING ALLIED WORKS AT AZAD NAGAR MEAT MARKET, IN Ward No. 53 under Zone No. 19 INDORE (M.P) ]",2026_UAD_535012_1,11-Sep-2026 06:25 PM,09-Oct-2026 06:00 PM,12-Oct-2026 10:00 AM,Closing within 14 days,2026-10-08T19:59:49.924342+00:00
2026_PWDRB_539081_1,PWD- Roads and Bridges,PWD- Roads and Bridges||Indore CE West Zone - PWD||Dhar EE Zone Indore PWD,[STRENGTHENING OF KABARWA GANDHWANI ROAD TO PANWA APPROACH ROAD LENGTH 2.40 K.M.],2026_PWDRB_539081_1,29-Sep-2026 06:00 PM,09-Oct-2026 06:00 PM,12-Oct-2026 10:00 AM,Closing within 14 days,2026-10-08T19:59:49.946455+00:00
2026_PWDRB_539082_1,PWD- Roads and Bridges,PWD- Roads and Bridges||Indore CE West Zone - PWD||Dhar EE Zone Indore PWD,[STRENGTHNING OF GURUDATTA PETROL PUMP TO BY PASS ROAD (Kukshi) LENGTH 0.75 KM],2026_PWDRB_539082_1,29-Sep-2026 06:00 PM,09-Oct-2026 06:00 PM,12-Oct-2026 10:00 AM,Closing within 14 days,2026-10-08T19:59:49.968625+00:00
2026_UAD_529486_2,Directorate Urban Administration and Development,Directorate Urban Administration and Development||Muncipal Corporations - UAD||Muncipal Corporation-Bhopal - UAD||Civil - MC Bhopal- UAD,"[CONST. OF COMMUNITY HALL AT MAHENDRA AMPLE PARK AT SALAIYA, WARD 83, ZONE 18.]",2026_UAD_529486_2,24-Sep-2026 06:00 PM,09-Oct-2026 06:00 PM,12-Oct-2026 11:00 AM,Closing within 14 days,2026-10-08T19:59:49.991219+00:00
2026_MPFD_538497_1,MP Forest Department,MP Forest Department||MP Forest - Betul Circle||Division West Betul,[Profile Sheet],2026_MPFD_538497_1,24-Sep-2026 02:00 PM,09-Oct-2026 06:00 PM,12-Oct-2026 12:30 PM,Closing within 14 days,2026-10-08T19:59:54.864026+00:00
2026_UAD_538288_1,Directorate Urban Administration and Development,Directorate Urban Administration and Development||Join Director-Ujjain Division - UAD||Ratlam-Nagar Palika Jaora - UAD,[CONSTRUCTION OF ASPHALTIC ROAD AT DIFFERENT PLACE AT JAORA],2026_UAD_538288_1,24-Sep-2026 10:00 AM,09-Oct-2026 06:00 PM,12-Oct-2026 10:00 AM,Closing within 14 days,2026-10-08T19:59:54.885948+00:00
2026_MPP_538889_1,MP Police,MP Police||SP Jabalpur - MPP,[work of submersial pump and boring],2026_MPP_538889_1,03-Oct-2026 06:30 PM,09-Oct-2026 06:00 PM,12-Oct-2026 12:00 PM,Closing within 14 days,2026-10-08T19:59:54.907911+00:00
2026_PWDRB_539083_1,PWD- Roads and Bridges,PWD- Roads and Bridges||Indore CE West Zone - PWD||Dhar EE Zone Indore PWD,[CONSTRUCTION OF GRAM PURA TO LINGWA ROAD LENGTH 2.10 KM],2026_PWDRB_539083_1,29-Sep-2026 06:00 PM,09-Oct-2026 06:00 PM,12-Oct-2026 10:00 AM,Closing within 14 days,2026-10-08T19:59:54.929936+00:00
2026_HED_536875_1,Department of Higher Education,Department of Higher Education||Ujjain - Govt Madhav Science College Ujjain,[Request For items copy etc],2026_HED_536875_1,18-Sep-2026 06:00 PM,09-Oct-2026 06:00 PM,12-Oct-2026 12:30 PM,Closing within 14 days,2026-10-08T19:59:54.952072+00:00
2026_UAD_538286_1,Directorate Urban Administration and Development,Directorate Urban Administration and Development||Join Director-Ujjain Division - UAD||Ratlam-Nagar Palika Jaora - UAD,[CONSTRUCTION OF ASPHALTIC ROAD AT DIFFERENT PLACE AT JAORA],2026_UAD_538286_1,24-Sep-2026 10:00 AM,09-Oct-2026 06:00 PM,12-Oct-2026 10:00 AM,Closing within 14 days,2026-10-08T19:59:54.974232+00:00
2026_UAD_538350_1,Directorate Urban Administration and Development,Directorate Urban Administration and Development||Join Director-Narmadapuram Division - UAD||Hoshangabad-Nagar Palika Hoshangabad - UAD,[CONSTRUCTION OF CC ROAD AT WARD NO 27 KABEER PANTHI GATE TO KARBALA GHAAT MUNICIPAL COUNCIL NARMADAPURAM MP.],2026_UAD_538350_1,23-Sep-2026 06:00 PM,09-Oct-2026 06:00 PM,12-Oct-2026 11:00 AM,Closing within 14 days,2026-10-08T19:59:54.996191+00:00
2026_UAD_538341_1,Directorate Urban Administration and Development,Directorate Urban Administration and Development||Join Director-Narmadapuram Division - UAD||Hoshangabad-Nagar Palika Hoshangabad - UAD,[CONSTRUCTION OF CC ROAD AT WARD NO 29 KHEMCHAND YADAV TO LEKHRAM YADAV AND GOVERDHAN YADAV HOUSE MUNICIPAL COUNCIL NARMADAPURAM MP.],2026_UAD_538341_1,23-Sep-2026 06:00 PM,09-Oct-2026 06:00 PM,12-Oct-2026 11:00 AM,Closing within 14 days,2026-10-08T19:59:55.018107+00:00
2026_PEB_537020_1,Professional Examination Board,Professional Examination Board,[E-Tender for Supply and Installation UPS Energy Storage System ],2026_PEB_537020_1,19-Sep-2026 11:00 AM,09-Oct-2026 06:00 PM,12-Oct-2026 12:00 PM,Closing within 14 days,2026-10-08T19:59:55.040074+00:00
2026_UAD_534618_1,Directorate Urban Administration and Development,Directorate Urban Administration and Development||Muncipal Corporations - UAD||Muncipal Corporation-Indore - UAD||Jankarya Vibhaag - I - MC Indore - UAD,[Cement Concrete Work from Main Road House No. 01/D/3 Amul Dudh Dairy to House No. 01/B/3 Vyas Ji House in Ward No. 34 under Zone No. 07 (Parshad Nidhi)],2026_UAD_534618_1,11-Sep-2026 06:00 PM,09-Oct-2026 06:00 PM,12-Oct-2026 10:00 AM,Closing within 14 days,2026-10-08T19:59:55.062122+00:00
2026_DHS_538951_1,Directorate of Health Services,Directorate of Health Services||RJD SAGAR,[Hiring of Hotel for training/Residency with Food],2026_DHS_538951_1,28-Sep-2026 11:25 AM,09-Oct-2026 06:00 PM,12-Oct-2026 01:30 PM,Closing within 14 days,2026-10-08T19:59:59.995981+00:00
2026_MPFD_536216_1,MP Forest Department,MP Forest Department||Research and extension Sagar,[Supply of Ropani Materials and other Items],2026_MPFD_536216_1,25-Sep-2026 12:00 PM,09-Oct-2026 06:00 PM,12-Oct-2026 04:00 PM,Closing within 14 days,2026-10-08T20:00:00.018087+00:00
2026_UAD_536981_1,Directorate Urban Administration and Development,Directorate Urban Administration and Development||Muncipal Corporations - UAD||Muncipal Corporation - Dewas - UAD,[Tender on empanelment basis for an agency to supply electrical materials required for the maintenance of streetlighting systems and other electrical equipment.],2026_UAD_536981_1,18-Sep-2026 06:00 PM,09-Oct-2026 06:00 PM,12-Oct-2026 10:00 AM,Closing within 14 days,2026-10-08T20:00:00.040133+00:00
2026_UAD_536758_1,Directorate Urban Administration and Development,Directorate Urban Administration and Development||Join Director-Indore Division - UAD||Khargone-Nagar Palika Badwah - UAD,"[Dussehra Celebration Supply and installation of Rawan effigy and supply and display of fireworks, barricading for crowd management and cultural program organization on the auspicious occasion of dussehra]",2026_UAD_536758_1,18-Sep-2026 12:00 PM,09-Oct-2026 06:00 PM,10-Oct-2026 06:00 PM,Closing within 14 days,2026-10-08T20:00:00.062253+00:00
2026_UAD_529008_1,Directorate Urban Administration and Development,Directorate Urban Administration and Development||Muncipal Corporations - UAD||Muncipal Corporation-Indore - UAD||Jankarya Vibhaag - I - MC Indore - UAD,[Inviting percentage rate for consultancy work For Empanelment of Consultants and Architects on L-1 Rate for Category A to E for Various Work of IMC Limit Area.],2026_UAD_529008_1,17-Aug-2026 01:00 PM,09-Oct-2026 06:00 PM,12-Oct-2026 10:00 AM,Closing within 14 days,2026-10-08T20:00:00.084237+00:00
2026_PHED_538301_1,Public Health Engineering- O/o Engineer In Chief,Public Health Engineering- O/o Engineer In Chief||Chief Engineer Gwalior - PHED||Superintending Engineer Sagar - PHED||Executive Engineer-Damoh - PHED,[Hiring of inspection vehicle- Scorpio Bolero Neo N11 7 Person sitting arrangement Model year January 2026 or after that for PHE Sub Division Damoh],2026_PHED_538301_1,01-Oct-2026 06:00 PM,09-Oct-2026 06:00 PM,12-Oct-2026 11:00 AM,Closing within 14 days,2026-10-08T20:00:00.106295+00:00
2026_UAD_538287_1,Directorate Urban Administration and Development,Directorate Urban Administration and Development||Join Director-Ujjain Division - UAD||Ratlam-Nagar Palika Jaora - UAD,[CONSTRUCTION OF ASPHALTIC ROAD AT DIFFERENT PLACE AT JAORA],2026_UAD_538287_1,24-Sep-2026 10:00 AM,09-Oct-2026 06:00 PM,12-Oct-2026 10:00 AM,Closing within 14 days,2026-10-08T20:00:00.128350+00:00
2026_PHED_538035_1,Public Health Engineering- O/o Engineer In Chief,Public Health Engineering- O/o Engineer In Chief||Chief Engineer E and M - PHED||Executive Engineer-E and M Jabalpur - PHED,[Providing Taxi Permit Bolero Non AC Vehicle on Rental (Monthly) Basis. Model after January 2023 Included Driver for Office of the AE PHE Mechanical Sub Division Seoni (Without Diesel)],2026_PHED_538035_1,23-Sep-2026 10:00 AM,09-Oct-2026 06:00 PM,12-Oct-2026 03:00 PM,Closing within 14 days,2026-10-08T20:00:00.150335+00:00
2026_UAD_534617_1,Directorate Urban Administration and Development,Directorate Urban Administration and Development||Muncipal Corporations - UAD||Muncipal Corporation-Indore - UAD||Jankarya Vibhaag - I - MC Indore - UAD,[Cement Concrete Work and Repairing of Footpath on Whole Road at Shree ji Vatika in Ward No. 49 under Zone No. 10],2026_UAD_534617_1,11-Sep-2026 06:00 PM,09-Oct-2026 06:00 PM,12-Oct-2026 10:00 AM,Closing within 14 days,2026-10-08T20:00:00.172326+00:00
2026_UAD_534616_1,Directorate Urban Administration and Development,Directorate Urban Administration and Development||Muncipal Corporations - UAD||Muncipal Corporation-Indore - UAD||Jankarya Vibhaag - I - MC Indore - UAD,[Construction of Compound Wall of Happy Wonders at Nagar Nigam Chouraha in Ward No. 57 under Zone No. 03],2026_UAD_534616_1,11-Sep-2026 06:00 PM,09-Oct-2026 06:00 PM,12-Oct-2026 10:00 AM,Closing within 14 days,2026-10-08T20:00:00.194465+00:00
2026_UAD_534621_1,Directorate Urban Administration and Development,Directorate Urban Administration and Development||Muncipal Corporations - UAD||Muncipal Corporation-Indore - UAD||Jankarya Vibhaag - I - MC Indore - UAD,[Cement Concrete Work and Laying of Storm Water Line on Damaged Road from Bombay Hospital to Nipaniya Square Service in Ward No. 31 under Zone No. 22 (Second Call)],2026_UAD_534621_1,11-Sep-2026 06:20 PM,09-Oct-2026 06:00 PM,12-Oct-2026 10:00 AM,Closing within 14 days,2026-10-08T20:00:04.992062+00:00
2026_UAD_500071_6,Directorate Urban Administration and Development,Directorate Urban Administration and Development||Muncipal Corporations - UAD||Muncipal Corporation-Bhopal - UAD||Civil - MC Bhopal- UAD,"[CONSTRUCTION OF RCC DRAIN FROM SB SINGH HOUSE TO KUSHWAHA HOUSE, WARD 83, ZONE 18. SIXTH CALL]",2026_UAD_500071_6,24-Sep-2026 06:00 PM,09-Oct-2026 06:00 PM,12-Oct-2026 11:00 AM,Closing within 14 days,2026-10-08T20:00:05.013261+00:00
2026_UAD_534620_1,Directorate Urban Administration and Development,Directorate Urban Administration and Development||Muncipal Corporations - UAD||Muncipal Corporation-Indore - UAD||Jankarya Vibhaag - I - MC Indore - UAD,[Cement Concrete Work on Road from Shyam Nagar House No. 12 to 35 Noori Colony and other Places in Ward No. 73 under Zone No. 21 (Parshad Nidhi)],2026_UAD_534620_1,11-Sep-2026 06:20 PM,09-Oct-2026 06:00 PM,12-Oct-2026 10:00 AM,Closing within 14 days,2026-10-08T20:00:05.034310+00:00
2026_UAD_539175_1,Directorate Urban Administration and Development,Directorate Urban Administration and Development||Join Director-Ujjain Division - UAD||Neemuch-Nagar Parishad Singoli - UAD,[DASHARA PARV PAR GOKUL SHARMA KI BHAJAN SANDHYA],2026_UAD_539175_1,28-Sep-2026 03:00 PM,09-Oct-2026 06:00 PM,12-Oct-2026 11:00 AM,Closing within 14 days,2026-10-08T20:00:05.055388+00:00
2026_DME_516392_3,Directorate of Medical Education,Directorate of Medical Education||Bundelkhand Medical College - Sagar,[TENDER FOR PURCHASE OF SUBMERSIBLE PUMP AND ACCESSORIES IN BMC SAGAR],2026_DME_516392_3,18-Sep-2026 02:15 PM,09-Oct-2026 06:30 PM,12-Oct-2026 11:00 AM,Closing within 14 days,2026-10-08T20:00:05.076476+00:00
2026_UAD_535408_1,Directorate Urban Administration and Development,Directorate Urban Administration and Development||Muncipal Corporations - UAD||Muncipal Corporation - Dewas - UAD,[Development of Garden in Shivom Estate ward No. 30 ],2026_UAD_535408_1,10-Sep-2026 06:00 PM,09-Oct-2026 06:30 PM,12-Oct-2026 04:00 PM,Closing within 14 days,2026-10-08T20:00:05.097802+00:00
